"","Fiscal.Year","Enforcement.Action","n"
"1",1981,"Restructured Before Complaint",1
"2",1982,"Abandoned Before Complaint",1
"3",1982,"Abandoned/Restructured Before Complaint",5
"4",1983,"Abandoned/Restructured Before Complaint",4
"5",1984,"Abandoned/Restructured Before Complaint",1
"6",1985,"Abandoned Before Complaint",1
"7",1985,"Abandoned/Restructured Before Complaint",1
"8",1987,"Abandoned Before Complaint",1
"9",1987,"Restructured Before Complaint",1
"10",1988,"Abandoned Before Complaint",5
"11",1989,"Abandoned/Restructured Before Complaint",4
"12",1990,"Abandoned Before Complaint",2
"13",1990,"Restructured Before Complaint",1
"14",1991,"Abandoned/Restructured Before Complaint",9
"15",1992,"ICC Litigation",1
"16",1992,"Restructured Before Complaint",3
"17",1993,"Abandoned Before Complaint",2
"18",1993,"Restructured Before Complaint",3
"19",1994,"Abandoned Before Complaint",4
"20",1994,"Restructured Before Complaint",8
"21",1995,"Abandoned Before Complaint",1
"22",1995,"Restructured Before Complaint",8
"23",1996,"Abandoned Before Complaint",4
"24",1996,"Restructured Before Complaint",16
"25",1996,"STB Litigation Approved Merger",1
"26",1997,"Abandoned Before Complaint",9
"27",1997,"Restructured Before Complaint",8
"28",1998,"Abandoned Before Complaint",12
"29",1998,"Restructured Before Complaint",23
"30",1999,"Abandoned Before Complaint",10
"31",1999,"Restructured Before Complaint",17
"32",2000,"Abandoned Before Complaint",11
"33",2000,"Restructured Before Complaint",16
"34",2001,"Abandoned Before Complaint",4
"35",2001,"Restructured Before Complaint",20
"36",2002,"Abandoned Before Complaint",1
"37",2002,"Restructured Before Complaint",5
"38",2003,"Abandoned Before Complaint",3
"39",2003,"Restructured Before Complaint",3
"40",2004,"Abandoned Before Complaint",2
"41",2004,"Restructured Before Complaint",1
"42",2005,"Restructured Before Complaint",1
"43",2006,"Restructured Before Complaint",6
"44",2007,"Abandoned Before Complaint",1
"45",2007,"Restructured Before Complaint",7
"46",2008,"Restructured Before Complaint",1
"47",2009,"Abandoned Before Complaint",3
"48",2009,"Restructured Before Complaint",2
"49",2010,"Abandoned Before Complaint",4
"50",2010,"Restructured Before Complaint",4
"51",2011,"Abandoned Before Complaint",2
"52",2011,"Restructured Before Complaint",5
"53",2012,"Abandoned Before Complaint",6
"54",2012,"Restructured Before Complaint",5
"55",2013,"Abandoned Before Complaint",3
"56",2013,"Restructured Before Complaint",5
"57",2014,"Abandoned Before Complaint",4
"58",2014,"Restructured Before Complaint",4
"59",2015,"Abandoned Before Complaint",8
"60",2015,"Restructured Before Complaint",1
