,Unnamed: 0,Agency,Fiscal Year,Case Open Date,Case Title,Federal Court,Acquirer Industry Code,Acquired Industry Code,Enforcement Action,Acquirer_Parent,Acquirer,Acquired_Parent,Acquired,Fiscal_Year_Complaint,Date_Complaint_Filed,Date of Opinion,Value,Revenue of Acquirer,Revenue of Acquired,Type of Transact,Notes,Divestiture Revenue,Market Share of Acquirer,Market Share of Acquired,Market Revenue,Acquirer_New,Acquired_New
0,1,DOJ,2012,,,,811212,443142,Restructured Before Complaint,Apple,Apple,Novell,Novell,2012,,,450.0,,,Acquisition of Novell patents,,,,,,Apple,Novell
1,2,DOJ,2011,,,,,443142,Restructured Before Complaint,CPTN Holdings,CPTN Holdings,Novell,Novell,2011,,,450.0,,,Acquisition of patents,,,,,,CPTN%20Holdings,Novell
2,3,DOJ,2010,,,,,481111,Restructured Before Complaint,Continental Airlines,Continental Airlines,AirTran Airways,AirTran Airways,2010,,,,,,Asset Exchange,"Slot exchange at Newark, LaGuardia, and Reagan Airports",,,,,Continental%20Airlines,AirTran%20Airways
3,4,DOJ,1997,,,,,,Abandoned Before Complaint,Starkist Food;H.J. Heinz;Bumble Bee Seafood,Starkist Food;H.J. Heinz;Bumble Bee Seafood,Unicord Public;Questor Partners,Unicord Public;Questor Partners,1997,,,,,,Asset Exchange,,,,,,Starkist%20Food,Unicord%20Public
4,5,DOJ,2014,,,,517919,,Abandoned Before Complaint,Sinclair Broadcast Group,Sinclair Broadcast Group,Barrington Broadcasting Group,Barrington Broadcasting Group,2014,,,,,,Asset Purchase,Acquisition of 18 TV stations,,,,,Sinclair%20Broadcast%20Group,Barrington%20Broadcasting%20Group
5,6,DOJ,2014,,,,,,Abandoned Before Complaint,Cunningham Broadcasting,Cunningham Broadcasting,WWCP-TV;WATM-TV,WWCP-TV;WATM-TV,2014,,,,,,Asset Purchase,Licensing Marketing Agreement with WATM-TV,,,,,Cunningham%20Broadcasting,WWCPTV
6,7,DOJ,2013,,,,522110,522110,Abandoned Before Complaint,Camden National Bank,Camden National Bank,Bank of America,Bank of America Branches,2013,,,,,,Asset Purchase,Acquisition of certain assets by Bank of America,,,,,Camden%20National%20Bank,Bank%20of%20America
7,8,DOJ,2009,,,,,,Restructured Before Complaint,Tilcon New York/Trap Rock Industries,Tilcon New York/Trap Rock Industries,3M,Aggregate quarry,2009,,,,,,Asset Purchase,"Acquisition of 3M's Belle Mead,NJ aggregate quarry",,,,,Tilcon%20New%20YorkTrap%20Rock%20Industries,3M
8,9,DOJ,2007,,,,561990,515112,Restructured Before Complaint,Entercom Communications,Entercom Communications,CBS,CBS,2007,,,,,,Asset Purchase,Acquisition of CBS radio stations,,,,,Entercom%20Communications,CBS
9,10,DOJ,2007,,,,,,Restructured Before Complaint,Media General,Media General,General Electric,General Electric,2007,,,,,,Asset Purchase,Acquisition of General Electric TV stations,,,,,Media%20General,General%20Electric
10,11,DOJ,2001,,,,,424690,Restructured Before Complaint,Orica Limited,Orica Limited,LaRoche Industries,LaRoche Industries,2001,,,,,,Asset Purchase,Acquisition of ammonium nitrate assets,,,,,Orica%20Limited,LaRoche%20Industries
11,12,DOJ,2001,,,,,,Restructured Before Complaint,Eure Communication,Eure Communication,Charlottesville Broadcasting Corporation,Charlottesville Broadcasting Corporation,2001,,,,,,Asset Purchase,Acquisition of WCHV-AM and WKAV-AM TV stations,,,,,Eure%20Communication,Charlottesville%20Broadcasting%20Corporation
12,13,DOJ,2000,,,,561990,515120,Restructured Before Complaint,Entercom Communications,Entercom Communications,Sinclair Broadcasting Group,Sinclair Broadcasting Group,2000,,,,,,Asset Purchase,Acquisition of Kansas radio stations,,,,,Entercom%20Communications,Sinclair%20Broadcasting%20Group
13,14,DOJ,2000,,,,,,Restructured Before Complaint,Citadel Communication,Citadel Communication,Liggett Broadcast,Liggett Broadcast,2000,,,,,,Asset Purchase,Acquisition of Michigan radio stations,,,,,Citadel%20Communication,Liggett%20Broadcast
14,15,DOJ,2000,,,,562212,562211,Restructured Before Complaint,Allied Waste Industries,Allied Waste Industries,Waste Management,Waste Management,2000,,,,,,Asset Purchase,Acquisition of Waste Collection and Disposal assets  in MS and OH,,,,,Allied%20Waste%20Industries,Waste%20Management
15,16,DOJ,2000,,,,,515120,Restructured Before Complaint,"Hicks, Muse, Tate & Furst Equity Fund III","Hicks, Muse, Tate & Furst Equity Fund III",Sinclair Broadcasting Group,Sinclair Broadcasting Group,2000,,,,,,Asset Purchase,Acquisition of WICS-TV and WICD-TV in IL,,,,,Hicks%20Muse%20Tate%20%20Furst%20Equity%20Fund%20III,Sinclair%20Broadcasting%20Group
16,17,DOJ,2000,,,,561990,,Abandoned Before Complaint,Cumulus Broadcasting,Cumulus Broadcasting,Mustang Broadcasting,Mustang Broadcasting,2000,,,,,,Asset Purchase,Acquisition of three radio stations in CO,,,,,Cumulus%20Broadcasting,Mustang%20Broadcasting
17,18,DOJ,1999,,,,,,Restructured Before Complaint,Media One Group-Erie,Media One Group-Erie,Rambaldo Communications,Rambaldo Communications,1999,,,,,,Asset Purchase,"Acquisition of two radio stations in Erie, PA",,,,,Media%20One%20GroupErie,Rambaldo%20Communications
18,19,DOJ,1999,,,,523930,515112,Restructured Before Complaint,Marathon Media,Marathon Media,Citadel Communications,Citadel Communications,1999,,,,,,Asset Purchase,Acquisition of five radio stations in MT,,,,,Marathon%20Media,Citadel%20Communications
19,20,DOJ,1999,,,,,,Abandoned Before Complaint,Capstar Broadcasting,Capstar Broadcasting,Radio of Vero,Radio of Vero,1999,,,,,,Asset Purchase,Acquisition of WPAW-FM radio station in FL,,,,,Capstar%20Broadcasting,Radio%20of%20Vero
20,21,DOJ,1999,,,,,515112,Abandoned Before Complaint,Capstar Broadcasting,Capstar Broadcasting,Powell Broadcasting,Powell Broadcasting,1999,,,,,,Asset Purchase,Acquisition of KTBT-FM radio station in LA,,,,,Capstar%20Broadcasting,Powell%20Broadcasting
21,22,DOJ,1999,,,,,,Abandoned Before Complaint,Capstar Broadcasting,Capstar Broadcasting,James L. Gibbons,James L. Gibbons,1999,,,,,,Asset Purchase,Acquisition of two radio stations in VA; Gibbons is a person.,,,,,Capstar%20Broadcasting,James%20L%20Gibbons
22,23,DOJ,1998,,,,517919,524210,Restructured Before Complaint,Connoisseur Communications,Connoisseur Communications,Lincoln Group,Lincoln Group,1998,,,,,,Asset Purchase,Acquisition of two radio stations in OH,,,,,Connoisseur%20Communications,Lincoln%20Group
23,24,DOJ,1998,,,,517919,,Restructured Before Complaint,Sinclair Broadcast Group,Sinclair Broadcast Group,Heritage Media Corporation;Phase II Broadcasting,Heritage Media Corporation;Phase II Broadcasting,1998,,,,,,Asset Purchase,Acquisition of five radio stations in LA,,,,,Sinclair%20Broadcast%20Group,Heritage%20Media%20Corporation
24,25,DOJ,1998,,,,,,Restructured Before Complaint,Capstar Acquisition Company,Capstar Acquisition Company,KRNA,KRNA,1998,,,,,,Asset Purchase,Acquisition of a radio station in IA,,,,,Capstar%20Acquisition%20Company,KRNA
25,26,DOJ,1998,,,,,,Restructured Before Complaint,Capstar Broadcasting,Capstar Broadcasting,KATQ Radio,KATQ Radio,1998,,,,,,Asset Purchase,Acquisition of KATQ radio in TX,,,,,Capstar%20Broadcasting,KATQ%20Radio
26,27,DOJ,1998,,,,,515112,Restructured Before Complaint,Talleyrand Broadcasting,Talleyrand Broadcasting,Citadel Communications,Citadel Communications,1998,,,,,,Asset Purchase,Acquisition of radio stations in PA,,,,,Talleyrand%20Broadcasting,Citadel%20Communications
27,28,DOJ,1997,,,,517919,,Restructured Before Complaint,Gulfstar Communications,Gulfstar Communications,Demaree Media,Demaree Media,1997,,,,,,Asset Purchase,Acquisition of three radio stations in AR,,,,,Gulfstar%20Communications,Demaree%20Media
28,29,DOJ,1997,,,,423320,,Restructured Before Complaint,Pike Industries,Pike Industries,Frank W. Whitcomb Construction Company,Frank W. Whitcomb Construction Company,1997,,,,,,Asset Purchase,Acquisition of a quarry and two asphalt plants in NH,,,,,Pike%20Industries,Frank%20W%20Whitcomb%20Construction%20Company
29,30,DOJ,1997,,,,,,Restructured Before Complaint,Jacor Communications,Jacor Communications,Village Communications,Village Communications,1997,,,,,,Asset Purchase,Acquisition of radio assets,,,,,Jacor%20Communications,Village%20Communications
30,31,DOJ,1991,,,,333618,,Abandoned/Restructured Before Complaint,Caterpillar,Caterpillar,Astec Industries,Barber-Greene Company,1991,,,,,,Asset Purchase,Acquisition of paving equipment,,,,,Caterpillar,Astec%20Industries
31,32,DOJ,1991,,,,211120,,Abandoned/Restructured Before Complaint,Overseas Shipholding Group,Overseas Shipholding Group,American Trading and Production Corporation,U.S. Flag,1991,,,,,,Asset Purchase,Acquisition of 7 U.S. Flag tankers,,,,,Overseas%20Shipholding%20Group,American%20Trading%20and%20Production%20Corporation
32,33,DOJ,1989,,,,522130,481111,Abandoned/Restructured Before Complaint,USAir,USAir,Eastern Airlines,Eastern Airlines,1989,,,,,,Asset Purchase,Acquisition of gates at Philadelphia National Airport and route authority between Toronto and Philadelphia,,,,,USAir,Eastern%20Airlines
33,34,DOJ,1985,,,,111998,424990,Abandoned Before Complaint,Borden,Borden,Reichhold Chemicals,Reichhold Chemicals,1985,,,,,,Asset Purchase,Acquisition of resin plant in OR,,,,,Borden,Reichhold%20Chemicals
34,35,DOJ,1983,,,,621112,,Abandoned/Restructured Before Complaint,HRI;Dynaelectron Corporation;Air Products and Chemicals,HRI;Dynaelectron Corporation;Air Products and Chemicals,Signal Companies,Wheelabrator-Frye,1983,,,,,,Asset Purchase,"Acquisition of certain patent, know-how and other rights of Wheelabrator-Frye to a joint venture of the acquirers",,,,,HRI,Signal%20Companies
35,36,DOJ,1983,,,,531210,512131,Abandoned/Restructured Before Complaint,National Amusements,National Amusements,General Cinema,General Cinema,1983,,,,,,Asset Purchase,Acquisition of four motion picture theaters,,,,,National%20Amusements,General%20Cinema
36,37,DOJ,1982,,,,,,Abandoned/Restructured Before Complaint,Amstar Corporation,American Sugar Division,National Sugar Refining Company,National Sugar Refining Company,1982,,,,,,Asset Purchase,"Acquisition of ""Jack Frost"" trademark",,,,,Amstar%20Corporation,National%20Sugar%20Refining%20Company
37,38,DOJ,1999,,,,,541611,Restructured Before Complaint,Thomas E. and James D. Ingstad,Thomas E. and James D. Ingstad,MSB,MSB,1999,,,,,,Ingstads are people,,,,,,Thomas%20E%20and%20James%20D%20Ingstad,MSB
38,39,DOJ,2009,,,,,,Abandoned Before Complaint,Depository Trust & Clearing Corporation,Depository Trust & Clearing Corporation,Markit Group,Markit Group,2009,,,,,,Joint Venture,,,,,,Depository%20Trust%20%20Clearing%20Corporation,Markit%20Group
39,40,DOJ,2007,,,,,,Restructured Before Complaint,Smiths Group,Smiths Group,General Electric,General Electric,2007,,,,,,Joint Venture,Joint venture in detection and homeland security businesses,,,,,Smiths%20Group,General%20Electric
40,41,DOJ,2000,,,,517911,,Restructured Before Complaint,Bell Atlantic,Bell Atlantic,Vodafone AirTouch,Vodafone AirTouch,2000,,,,,,Joint Venture,,,,,,Bell%20Atlantic,Vodafone%20AirTouch
41,42,DOJ,2000,,,,,,Abandoned Before Complaint,Transportacion Maritima Mexicana,Transportacion Maritima Mexicana,Stolt-Nielsen,Stolt-Nielsen,2000,,,,,,Joint Venture,,,,,,Transportacion%20Maritima%20Mexicana,StoltNielsen
42,43,DOJ,1995,,,,,,Abandoned Before Complaint,Calmat Company,Calmat Company,Tucson Rock & Sand,Tucson Rock & Sand,1995,,,,,,Joint Venture,,,,,,Calmat%20Company,Tucson%20Rock%20%20Sand
43,44,DOJ,1992,,,,423830,339999,Restructured Before Complaint,Ingersoll Rand Company,Ingersoll Rand Company,Dresser Industries,Dresser Industries,1992,,,,,,Joint Venture,Combines worldwide pump manufacturing and sales operations of the two companies,,,,,Ingersoll%20Rand%20Company,Dresser%20Industries
44,45,DOJ,1989,,,,,481111,Abandoned/Restructured Before Complaint,AMR Corporation,AMR Corporation,Delta Airlines,Delta Airlines,1989,,,,,,Joint Venture,Computer Reservation Systems,,,,,AMR%20Corporation,Delta%20Airlines
45,46,DOJ,1988,,,,,,Abandoned Before Complaint,Engelhard Corporation,Engelhard Corporation,Rio Tinto-Zinc,Floridin Company,1988,,,,,,Joint Venture,,,,,,Engelhard%20Corporation,Rio%20TintoZinc
46,47,DOJ,1988,,,,,,Abandoned Before Complaint,Ivaco,Ivaco,Jackson Jordan,Jackson Jordan,1988,,,,,,Joint Venture,,,,,,Ivaco,Jackson%20Jordan
47,48,DOJ,1983,,,,522110,512110,Abandoned/Restructured Before Complaint,American Express Company,American Express Company,Paramount Pictures;Universal City Studios;Viacom International;Warner Bros.;Warner Communications,Paramount Pictures;Universal City Studios;Viacom International;Warner Bros.;Warner Communications,1983,,,,,,Joint Venture,JV to own and operate Showtime and The Movie Channel,,,,,American%20Express%20Company,Paramount%20Pictures
48,49,DOJ,2011,,,,551111,,Restructured Before Complaint,Berkshire Hills Bancorp,Berkshire Hills Bancorp,Legacy Bancorp,Legacy Bancorp,2011,,,108.0,,,Merger,,,,,,Berkshire%20Hills%20Bancorp,Legacy%20Bancorp
49,50,DOJ,2010,,,,,481111,Restructured Before Complaint,Continental Airlines,Continental Airlines,United Airlines,United Airlines,2010,,,3000.0,,,Merger,Merger involving takeoff and landing rights at Newark Liberty Airport,,,,,Continental%20Airlines,United%20Airlines
50,51,DOJ,2007,,,,,,Restructured Before Complaint,AmSouth Bancorporation,AmSouth Bancorporation,Regions Financial Corporation,Regions Financial Corporation,2007,,,,,,Merger,,,,,,AmSouth%20Bancorporation,Regions%20Financial%20Corporation
51,52,DOJ,2007,,,,,,Restructured Before Complaint,Main Street Trust,Main Street Trust,First Busey Corporation,First Busey Corporation,2007,,,,,,Merger,,,,,,Main%20Street%20Trust,First%20Busey%20Corporation
52,53,DOJ,2002,,,,,,Restructured Before Complaint,Wells Fargo,Wells Fargo,Texas Financial Bancorporation,Texas Financial Bancorporation,2002,,,,,,Merger,Includes acquisition of subsidiaries of Marquette Bancshares,,,,,Wells%20Fargo,Texas%20Financial%20Bancorporation
53,54,DOJ,2002,,,,,445299,Restructured Before Complaint,Suiza Foods Corporation,Suiza Foods Corporation,Dean Foods,Dean Foods,2002,,,,,,Merger,,,,,,Suiza%20Foods%20Corporation,Dean%20Foods
54,55,DOJ,2001,,,,,,Restructured Before Complaint,Wells Fargo,Wells Fargo,Brenton Banks,Brenton Banks,2001,,,,,,Merger,,,,,,Wells%20Fargo,Brenton%20Banks
55,56,DOJ,2001,,,,,,Restructured Before Complaint,Firstar Corporation,Firstar Corporation,U.S. Bancorp,U.S. Bancorp,2001,,,,,,Merger,,,,,,Firstar%20Corporation,US%20Bancorp
56,57,DOJ,2001,,,,522110,,Restructured Before Complaint,Fifth Third Bancorp,Fifth Third Bancorp,Old Kent Financial Corporation,Old Kent Financial Corporation,2001,,,,,,Merger,,,,,,Fifth%20Third%20Bancorp,Old%20Kent%20Financial%20Corporation
57,58,DOJ,2000,,,,,,Restructured Before Complaint,Centura Banks,Centura Banks,Triangle Bancorp,Triangle Bancorp,2000,,,,,,Merger,,,,,,Centura%20Banks,Triangle%20Bancorp
58,59,DOJ,2000,,,,522110,,Restructured Before Complaint,Old National Bank,Old National Bank,Permanent Bank,Permanent Bank,2000,,,,,,Merger,,,,,,Old%20National%20Bank,Permanent%20Bank
59,60,DOJ,2000,,,,,,Restructured Before Complaint,NBT Bancorp,NBT Bancorp,BSB Bancorp,BSB Bancorp,2000,,,,,,Merger,,,,,,NBT%20Bancorp,BSB%20Bancorp
60,61,DOJ,2000,,,,482111,482111,Restructured Before Complaint,Burlington Northern Santa Fe,Burlington Northern Santa Fe,Canadian National Railway,Canadian National Railway,2000,,,,,,Merger,,,,,,Burlington%20Northern%20Santa%20Fe,Canadian%20National%20Railway
61,62,DOJ,2000,,,,,,Abandoned Before Complaint,Tri-State Generation and Transmission Association,Tri-State Generation and Transmission Association,Public Service Company of New Mexico,Public Service Company of New Mexico,2000,,,,,,Merger,,,,,,TriState%20Generation%20and%20Transmission%20Association,Public%20Service%20Company%20of%20New%20Mexico
62,63,DOJ,2000,,,,,,Abandoned Before Complaint,Alcan Aluminum,Alcan Aluminum,Pechiney;ALGROUP,Pechiney;ALGROUP,2000,,,,,,Merger,,,,,,Alcan%20Aluminum,Pechiney
63,64,DOJ,1999,,,,,551111,Restructured Before Complaint,U.S. Bancorp,U.S. Bancorp,Northwest Bancshares,Northwest Bancshares,1999,,,,,,Merger,,,,,,US%20Bancorp,Northwest%20Bancshares
64,65,DOJ,1999,,,,,,Restructured Before Complaint,Norwest Corporation,Norwest Corporation,Wells Fargo,Wells Fargo,1999,,,,,,Merger,,,,,,Norwest%20Corporation,Wells%20Fargo
65,66,DOJ,1999,,,,,,Restructured Before Complaint,Chittenden Corporation,Chittenden Corporation,Vermont Financial Services Corporation,Vermont Financial Services Corporation,1999,,,,,,Merger,,,,,,Chittenden%20Corporation,Vermont%20Financial%20Services%20Corporation
66,67,DOJ,1999,,,,221118,,Restructured Before Complaint,Consolidated Edison,Consolidated Edison,Orange & Rockland Utilities,Orange & Rockland Utilities,1999,,,,,,Merger,,,,,,Consolidated%20Edison,Orange%20%20Rockland%20Utilities
67,68,DOJ,1999,,,,,,Restructured Before Complaint,Fleet Financial Group,Fleet Financial Group,Bank Boston Corporation,Bank Boston Corporation,1999,,,,,,Merger,,,,,,Fleet%20Financial%20Group,Bank%20Boston%20Corporation
68,69,DOJ,1999,,,,,622110,Abandoned Before Complaint,Southeast Missouri Hospital,Southeast Missouri Hospital,St. Francis Memorial Hospital,St. Francis Memorial Hospital,1999,,,,,,Merger,,,,,,Southeast%20Missouri%20Hospital,St%20Francis%20Memorial%20Hospital
69,70,DOJ,1999,,,,,,Restructured Before Complaint,Wachovia Corporation,Wachovia Corporation,Central Fidelity Banks,Central Fidelity Banks,1999,,,,,,Merger,,,,,,Wachovia%20Corporation,Central%20Fidelity%20Banks
70,71,DOJ,1998,,,,,,Restructured Before Complaint,American Information Systems,American Information Systems,Business Records Corporation,Business Records Corporation,1998,,,,,,Merger,,,,,,American%20Information%20Systems,Business%20Records%20Corporation
71,72,DOJ,1998,,,,,,Restructured Before Complaint,FirstUnion Corporation,FirstUnion Corporation,CoreStates Financial Corporation,CoreStates Financial Corporation,1998,,,,,,Merger,,,,,,FirstUnion%20Corporation,CoreStates%20Financial%20Corporation
72,73,DOJ,1998,,,,,,Restructured Before Complaint,First Commerce Corporation,First Commerce Corporation,BancOne Corporation,BancOne Corporation,1998,,,,,,Merger,,,,,,First%20Commerce%20Corporation,BancOne%20Corporation
73,74,DOJ,1998,,,,,,Restructured Before Complaint,NationsBank Corporation,NationsBank Corporation,BankAmerica Corporation,BankAmerica Corporation,1998,,,,,,Merger,,,,,,NationsBank%20Corporation,BankAmerica%20Corporation
74,75,DOJ,1998,,,,,,Restructured Before Complaint,BancOne Corporation,BancOne Corporation,First Chicago NBD,First Chicago NBD,1998,,,,,,Merger,,,,,,BancOne%20Corporation,First%20Chicago%20NBD
75,76,DOJ,1998,,,,541219,,Restructured Before Complaint,KPMG Peat Marwick,KPMG Peat Marwick,Ernst & Young,Ernst & Young,1998,,,,,,Merger,,,,,,KPMG%20Peat%20Marwick,Ernst%20%20Young
76,77,DOJ,1998,,,,,517911,Abandoned Before Complaint,Cape Fear Broadcasting,Cape Fear Broadcasting,Sea Communications,Sea Communications,1998,,,,,,Merger,,,,,,Cape%20Fear%20Broadcasting,Sea%20Communications
77,78,DOJ,1997,,,,,,Restructured Before Complaint,First Virginia Banks,First Virginia Banks,Premier Bankshares Corporation,Premier Bankshares Corporation,1997,,,,,,Merger,,,,,,First%20Virginia%20Banks,Premier%20Bankshares%20Corporation
78,79,DOJ,1997,,,,,,Restructured Before Complaint,Southern National Corporation,Southern National Corporation,United Carolina Bancshares,United Carolina Bancshares,1997,,,,,,Merger,,,,,,Southern%20National%20Corporation,United%20Carolina%20Bancshares
79,80,DOJ,1997,,,,522110,522110,Abandoned Before Complaint,United Security Bank,United Security Bank,First Bank and Trust,First Bank and Trust,1997,,,,,,Merger,,,,,,United%20Security%20Bank,First%20Bank%20and%20Trust
80,81,DOJ,1997,,,,221118,,Abandoned Before Complaint,Northern States Power Company,Northern States Power Company,Wisconsin Energy Company,Wisconsin Energy Company,1997,,,,,,Merger,,,,,,Northern%20States%20Power%20Company,Wisconsin%20Energy%20Company
81,82,DOJ,1997,,,,522110,522110,Abandoned Before Complaint,First Bank of Grants,First Bank of Grants,Grants State Bank,Grants State Bank,1997,,,,,,Merger,,,,,,First%20Bank%20of%20Grants,Grants%20State%20Bank
82,83,DOJ,1996,,,,551111,,Restructured Before Complaint,US Bancorp,US Bancorp,West One Bancorp,West One Bancorp,1996,,,,,,Merger,,,,,,US%20Bancorp,West%20One%20Bancorp
83,84,DOJ,1996,,,,,522110,Restructured Before Complaint,Wells Fargo,Wells Fargo,First Interstate Bank,First Interstate Bank,1996,,,,,,Merger,,,,,,Wells%20Fargo,First%20Interstate%20Bank
84,85,DOJ,1996,,,,,,Restructured Before Complaint,Bank of Boston,Bank of Boston,BayBanks,BayBanks,1996,,,,,,Merger,,,,,,Bank%20of%20Boston,BayBanks
85,86,DOJ,1996,,,,115116,,Restructured Before Complaint,Monsanto,Monsanto,Calgene,Calgene,1996,,,,,,Merger,,,,,,Monsanto,Calgene
86,87,DOJ,1996,,,,,,STB Litigation Approved Merger,Union Pacific Corporation,Union Pacific Corporation,Sourthern Pacific Rail Corporation,Sourthern Pacific Rail Corporation,1996,,,5400.0,,,Merger,,,,,,Union%20Pacific%20Corporation,Sourthern%20Pacific%20Rail%20Corporation
87,88,DOJ,1995,,,,213112,,Restructured Before Complaint,McDermott International,McDermott International,Offshore Pipelines,Offshore Pipelines,1995,,,,,,Merger,,,,,,McDermott%20International,Offshore%20Pipelines
88,89,DOJ,1995,,,,522110,,Restructured Before Complaint,Hibernia National Bank,Hibernia National Bank,Pioneer Bank and Trust Company,Pioneer Bank and Trust Company,1995,,,,,,Merger,,,,,,Hibernia%20National%20Bank,Pioneer%20Bank%20and%20Trust%20Company
89,90,DOJ,1993,,,,,,Restructured Before Complaint,First Bank System,First Bank System,Bank Shares,Bank Shares,1993,,,,,,Merger,,,,,,First%20Bank%20System,Bank%20Shares
90,91,DOJ,1992,,,,,,Restructured Before Complaint,SABH,SABH,Mor-Flo Industries,Mor-Flo Industries,1992,,,,,,Merger,,,,,,SABH,MorFlo%20Industries
91,92,DOJ,1987,,,,,,Abandoned Before Complaint,Surgical Associates of Western Connecticut,Surgical Associates of Western Connecticut,Danbury Sugical Associates,Danbury Sugical Associates,1987,,,,,,Merger,,,,,,Surgical%20Associates%20of%20Western%20Connecticut,Danbury%20Sugical%20Associates
92,93,DOJ,1987,,,,,,Restructured Before Complaint,American Brands,American Brands,Acco World Corporation,Acco World Corporation,1987,,,,,,Merger,,,,,,American%20Brands,Acco%20World%20Corporation
93,94,DOJ,1997,,,,,,Restructured Before Complaint,British Telecommunications,British Telecommunications,MCI Communications,MCI Communications,1997,,,,,,Modification of Settlement,Modification and extension of previous BT/MCI settlement,,,,,British%20Telecommunications,MCI%20Communications
94,95,DOJ,2000,,,,,,Abandoned Before Complaint,Healtheon/WebMD,Healtheon/WebMD,IDX Systems;ChannelHealth,IDX Systems;ChannelHealth,2000,,,,,,Strategic Agreements,"Electronic data interchange, physician practice management systems, internet portals for healthcare",,,,,HealtheonWebMD,IDX%20Systems
95,96,DOJ,2015,,,,,321113,Abandoned Before Complaint,Inversiones Angelini y Compania Limitada,Inversiones Angelini y Compania Limitada,SierraPine,SierraPine,2015,,,,,,Acquisition,,,,,,Inversiones%20Angelini%20y%20Compania%20Limitada,SierraPine
96,97,DOJ,2015,,,,,,Abandoned Before Complaint,Simmons First National Corporation,Simmons First National Corporation,Delta Trust & Banking Corporation,Delta Trust & Banking Corporation,2015,,,,,,Acquisition,,,,,,Simmons%20First%20National%20Corporation,Delta%20Trust%20%20Banking%20Corporation
97,98,DOJ,2015,,,,541511,,Abandoned Before Complaint,Embarcadero Technologies,Embarcadero Technologies,CA Inc.,CA Inc.,2015,,,,,,Acquisition,,,,,,Embarcadero%20Technologies,CA%20Inc
98,99,DOJ,2015,,,,515120,,Abandoned Before Complaint,Mission Broadcasting,Mission Broadcasting,Stainless Broadcasting,Stainless Broadcasting,2015,,,,,,Acquisition,,,,,,Mission%20Broadcasting,Stainless%20Broadcasting
99,100,DOJ,2015,,,,238990,515210,Abandoned Before Complaint,Comcast,Comcast,Time Warner Cable,Time Warner Cable,2015,,,,,,Acquisition,,,,,,Comcast,Time%20Warner%20Cable
100,101,DOJ,2015,,,,541110,334413,Abandoned Before Complaint,Applied Materials,Applied Materials,Tokyo Electron,Tokyo Electron,2015,,,,,,Acquisition,,,,,,Applied%20Materials,Tokyo%20Electron
101,102,DOJ,2015,,,,541618,622110,Abandoned Before Complaint,Partners Healthcare System,Partners Healthcare System,South Shore Hospital,South Shore Hospital,2015,,,,,,Acquisition,,,,,,Partners%20Healthcare%20System,South%20Shore%20Hospital
102,103,DOJ,2015,,,,443141,,Abandoned Before Complaint,Pacific Coast Producers,Pacific Coast Producers,Seneca Foods Corporation,Seneca Foods Corporation,2015,,,,,,Acquisition,,,,,,Pacific%20Coast%20Producers,Seneca%20Foods%20Corporation
103,104,DOJ,2015,,,,,522110,Restructured Before Complaint,BB&T Corporation,BB&T Corporation,Susquehanna Bancshares,Susquehanna Bancshares,2015,,,,,,Acquisition,,,,,,BBT%20Corporation,Susquehanna%20Bancshares
104,105,DOJ,2014,,,,445299,311999,Abandoned Before Complaint,Dean Foods,Dean Foods,Oakhurst Dairy,Oakhurst Dairy,2014,,,,,,Acquisition,,,,,,Dean%20Foods,Oakhurst%20Dairy
105,106,DOJ,2014,,,,334418,531190,Abandoned Before Complaint,Rockwell Collins,Rockwell Collins,Carlyle Group,ARINC Inc.,2014,,,,,,Acquisition,,,,,,Rockwell%20Collins,Carlyle%20Group
106,107,DOJ,2014,,,,551111,,Restructured Before Complaint,Huntington Bancshares,Huntington Bancshares,Camco Financial,Camco Financial,2014,,,,,,Acquisition,,,,,,Huntington%20Bancshares,Camco%20Financial
107,108,DOJ,2014,,,,,,Restructured Before Complaint,Louisiana-Pacific Corporation,Louisiana-Pacific Corporation,Ainsworth Lumber,Ainsworth Lumber,2014,,,,,,Acquisition,,,,,,LouisianaPacific%20Corporation,Ainsworth%20Lumber
108,109,DOJ,2014,,,,,,Restructured Before Complaint,Umpqua Holdings,Umpqua Holdings,Sterling Financial Corporation,Sterling Financial Corporation,2014,,,,,,Acquisition,,,,,,Umpqua%20Holdings,Sterling%20Financial%20Corporation
109,110,DOJ,2014,,,,,,Restructured Before Complaint,Sprint Corporation,Sprint Corporation,T-Mobile,T-Mobile,2014,,,,,,Acquisition,,,,,,Sprint%20Corporation,TMobile
110,111,DOJ,2013,,,,623110,523930,Abandoned Before Complaint,WellPoint,WellPoint,AmeriGroup,AmeriGroup,2013,,,,,,Acquisition,,,,,,WellPoint,AmeriGroup
111,112,DOJ,2013,,,,,562212,Abandoned Before Complaint,EnviroSolutions Holdings,EnviroSolutions Holdings,Environmental Alternatives,Environmental Alternatives,2013,,,,,,Acquisition,,,,,,EnviroSolutions%20Holdings,Environmental%20Alternatives
112,113,DOJ,2013,,,,221118,541330,Restructured Before Complaint,Entergy,Entergy,Acadia Power Partners,Acadia Energy Center Block II,2013,,,,,,Acquisition,,,,,,Entergy,Acadia%20Power%20Partners
113,114,DOJ,2013,,,,524126,621999,Restructured Before Complaint,Aetna,Aetna,Coventry Health Care,Coventry Health Care,2013,,,,,,Acquisition,,,,,,Aetna,Coventry%20Health%20Care
114,115,DOJ,2013,,,,541618,622110,Restructured Before Complaint,Partners Healthcare System,Partners Healthcare System,Cooley Dickinson Hospital,Cooley Dickinson Hospital,2013,,,,,,Acquisition,,,,,,Partners%20Healthcare%20System,Cooley%20Dickinson%20Hospital
115,116,DOJ,2013,,,,517911,454110,Restructured Before Complaint,Midcontinent Communications,Midcontinent Communications,WideOpenWest,Knology,2013,,,,,,Acquisition,"Acquisition of Knology business centered in Sioux Falls, SD",,,,,Midcontinent%20Communications,WideOpenWest
116,117,DOJ,2013,,,,334511,551112,Restructured Before Complaint,BAE Systems,BAE Systems,American Maritime Holdings,MHI Ship & Repair Services,2013,,,,,,Acquisition,,,,,,BAE%20Systems,American%20Maritime%20Holdings
117,118,DOJ,2012,,,,,453210,Abandoned Before Complaint,3M,3M,Avery Dennison,Office and Consumer Products Group,2012,,,550.0,,,Acquisition,,,,,,3M,Avery%20Dennison
118,119,DOJ,2012,,,,561990,,Abandoned Before Complaint,Live Nation,Live Nation,Veritix,Veritix,2012,,,,,,Acquisition,,,,,,Live%20Nation,Veritix
119,120,DOJ,2012,,,,423510,332312,Abandoned Before Complaint,Revere Copper Products,Revere Copper Products,Hussey Copper,Hussey Copper,2012,,,,,,Acquisition,,,,,,Revere%20Copper%20Products,Hussey%20Copper
120,121,DOJ,2012,,,,423320,,Abandoned Before Complaint,Old Castle Materials,Old Castle Materials,Stavola Holding Corporation,Stavola Holding Corporation,2012,,,,,,Acquisition,,,,,,Old%20Castle%20Materials,Stavola%20Holding%20Corporation
121,122,DOJ,2012,,,,,,Abandoned Before Complaint,Crowley Maritime Corporation,Crowley Maritime Corporation,Trailer Bridge,Trailer Bridge,2012,,,,,,Acquisition,,,,,,Crowley%20Maritime%20Corporation,Trailer%20Bridge
122,123,DOJ,2012,,,,424990,424990,Abandoned Before Complaint,Reddy Ice Holdings,Reddy Ice Holdings,Arctic Glacier,Arctic Glacier,2012,,,,,,Acquisition,,,,,,Reddy%20Ice%20Holdings,Arctic%20Glacier
123,124,DOJ,2012,,,,522110,522110,Restructured Before Complaint,First Niagara Bank,First Niagara Bank,HSBC Bank,HSBC Bank,2012,,,1000.0,,,Acquisition,,,,,,First%20Niagara%20Bank,HSBC%20Bank
124,125,DOJ,2012,,,,518210,334220,Restructured Before Complaint,Google,Google,Motorola,Motorola,2012,,,12500.0,,,Acquisition,,,,,,Google,Motorola
125,126,DOJ,2012,,,,811212,,Restructured Before Complaint,Apple;Microsoft;Research in Motion,Apple;Microsoft;Research in Motion,Nortel Networks Corporation,Nortel Networks Corporation,2012,,,4500.0,,,Acquisition,,,,,,Apple,Nortel%20Networks%20Corporation
126,127,DOJ,2012,,,,,,Restructured Before Complaint,National Express Corporation,National Express Corporation,Petermann Partners,Petermann Partners,2012,,,200.0,,,Acquisition,,,,,,National%20Express%20Corporation,Petermann%20Partners
127,128,DOJ,2011,,,,611699,,Abandoned Before Complaint,Kronos,Kronos,API Healthcare,API Healthcare,2011,,,,,,Acquisition,,,,,,Kronos,API%20Healthcare
128,129,DOJ,2011,,,,236220,,Abandoned Before Complaint,Level 3 Communications,Level 3 Communications,Global Crossing Limited,Global Crossing Limited,2011,,,3000.0,,,Acquisition,,,,,,Level%203%20Communications,Global%20Crossing%20Limited
129,130,DOJ,2011,,,,522110,,Restructured Before Complaint,Hancock Holding Company,Hancock Holding Company,Whitney Holding Corporation,Whitney Holding Corporation,2011,,,,,,Acquisition,,,,,,Hancock%20Holding%20Company,Whitney%20Holding%20Corporation
130,131,DOJ,2011,,,,,,Restructured Before Complaint,NASDAQ OMX Group,NASDAQ OMX Group,NYSE Euronext,NYSE Euronext,2011,,,11500.0,,,Acquisition,,,,,,NASDAQ%20OMX%20Group,NYSE%20Euronext
131,132,DOJ,2011,,,,541511,561990,Restructured Before Complaint,GXS Worldwide,GXS Worldwide,Inovis,Inovis,2011,,,,,,Acquisition,,,,,,GXS%20Worldwide,Inovis
132,133,DOJ,2010,,,,524114,,Abandoned Before Complaint,Blue Cross Blue Shield of Michigan,Blue Cross Blue Shield of Michigan,Physicians Health Plan of Mid-Michigan,Physicians Health Plan of Mid-Michigan,2010,,,,,,Acquisition,,,,,,Blue%20Cross%20Blue%20Shield%20of%20Michigan,Physicians%20Health%20Plan%20of%20MidMichigan
133,134,DOJ,2010,,,,,531210,Abandoned Before Complaint,New Rave,New Rave,National Amusements,National Amusements,2010,,,,,,Acquisition,,,,,,New%20Rave,National%20Amusements
134,135,DOJ,2010,,,,,,Abandoned Before Complaint,Morgan Stanley Infrastructure Partners;Veolia North America Holdings,Morgan Stanley Infrastructure Partners;Veolia North America Holdings,NSTAR Corporation,Thermal distribution system,2010,,,,,,Acquisition,Acquisition of NSTAR's Thermal Distribution System,,,,,Morgan%20Stanley%20Infrastructure%20Partners,NSTAR%20Corporation
135,136,DOJ,2010,,,,517311,,Abandoned Before Complaint,Nuance Communications,Nuance Communications,Spheris Holdings,Spheris Holdings,2010,,,,,,Acquisition,,,,,,Nuance%20Communications,Spheris%20Holdings
136,137,DOJ,2010,,,,424490,,Restructured Before Complaint,Hostess Brands,Hostess Brands,Lewis Brothers Bakeries,Butternut,2010,,,,,,Acquisition,,,,,,Hostess%20Brands,Lewis%20Brothers%20Bakeries
137,138,DOJ,2010,,,,,551112,Restructured Before Complaint,Comtech Telecommunications,Comtech Telecommunications,CPI International,CPI International,2010,,,,,,Acquisition,,,,,,Comtech%20Telecommunications,CPI%20International
138,139,DOJ,2009,,,,221118,221118,Abandoned Before Complaint,Exelon,Exelon,NRG Energy,NRG Energy,2009,,,,,,Acquisition,,,,,,Exelon,NRG%20Energy
139,140,DOJ,2009,,,,517311,,Abandoned Before Complaint,Nuance Communications,Nuance Communications,Multimodal Technologies,Multimodal Technologies,2009,,,,,,Acquisition,,,,,,Nuance%20Communications,Multimodal%20Technologies
140,141,DOJ,2009,,,,523930,,Restructured Before Complaint,PNC Financial Services,PNC Financial Services,National City Corporation,National City Corporation,2009,,,5080.0,,,Acquisition,,,,,,PNC%20Financial%20Services,National%20City%20Corporation
141,142,DOJ,2008,,,,541618,,Restructured Before Complaint,CME Group,CME Group,Nymex Holdings,Nymex Holdings,2008,,,,,,Acquisition,,,,,,CME%20Group,Nymex%20Holdings
142,143,DOJ,2007,,,,541614,,Restructured Before Complaint,FirstGroup,FirstGroup,Laidlaw International,Laidlaw International,2007,,,,,,Acquisition,,,,,,FirstGroup,Laidlaw%20International
143,144,DOJ,2007,,,,,,Restructured Before Complaint,Banco Bilbao Vizcaya Argentaria,Banco Bilbao Vizcaya Argentaria,Texas Regional Bancshares,Texas Regional Bancshares,2007,,,,,,Acquisition,,,,,,Banco%20Bilbao%20Vizcaya%20Argentaria,Texas%20Regional%20Bancshares
144,145,DOJ,2007,,,,,,Abandoned Before Complaint,Maruha Group,Maruha Group,Nichiro Corporation,Nichiro Corporation,2007,,,,,,Acquisition,,,,,,Maruha%20Group,Nichiro%20Corporation
145,146,DOJ,2006,,,,,,Restructured Before Complaint,American Steamship Company,GATX Corporation,Oglebay Norton Company,Oglebay Norton Company,2006,,,,,,Acquisition,,,,,,American%20Steamship%20Company,Oglebay%20Norton%20Company
146,147,DOJ,2006,,,,238990,,Restructured Before Complaint,General Dynamic,General Dynamic,Anteon International Corporation,Anteon International Corporation,2006,,,,,,Acquisition,,,,,,General%20Dynamic,Anteon%20International%20Corporation
147,148,DOJ,2006,,,,515120,,Restructured Before Complaint,Raycom Media,Raycom Media,Liberty Corporation,Liberty Corporation,2006,,,,,,Acquisition,,,,,,Raycom%20Media,Liberty%20Corporation
148,149,DOJ,2006,,,,551111,,Restructured Before Complaint,Glacier Bancorp,Glacier Bancorp,First Citizens Development,First Citizens Development,2006,,,,,,Acquisition,,,,,,Glacier%20Bancorp,First%20Citizens%20Development
149,150,DOJ,2006,,,,532282,,Restructured Before Complaint,Cinemark USA,Cinemark USA,Century Theaters,Century Theaters,2006,,,,,,Acquisition,,,,,,Cinemark%20USA,Century%20Theaters
150,151,DOJ,2006,,,,,238210,Restructured Before Complaint,Toshiba Corporation,Toshiba Corporation,Westinghouse Electric,Westinghouse Electric,2006,,,,,,Acquisition,,,,,,Toshiba%20Corporation,Westinghouse%20Electric
151,152,DOJ,2005,,,,,,Restructured Before Complaint,Reuters,Reuters,Moneyline Telerate,Moneyline Telerate,2005,,,,,,Acquisition,,,,,,Reuters,Moneyline%20Telerate
152,153,DOJ,2004,,,,339999,,Abandoned Before Complaint,Sonoco Products Company,Sonoco Products Company,Pasco Beverages Company,Pasco Beverages Company,2004,,,,,,Acquisition,,,,,,Sonoco%20Products%20Company,Pasco%20Beverages%20Company
153,154,DOJ,2004,,,,,,Abandoned Before Complaint,Wachovia Corporation,Wachovia Corporation,SouthTrust Corporation,SouthTrust Corporation,2004,,,,,,Acquisition,,,,,,Wachovia%20Corporation,SouthTrust%20Corporation
154,155,DOJ,2004,,,,,,Restructured Before Complaint,Undisclosed,Undisclosed,Undisclosed,Undisclosed,2004,,,,,,Acquisition,,,,,,Undisclosed,Undisclosed
155,156,DOJ,2003,,,,523930,,Restructured Before Complaint,ICAP,ICAP,BrokerTec,BrokerTec,2003,,,,,,Acquisition,,,,,,ICAP,BrokerTec
156,157,DOJ,2003,,,,,,Restructured Before Complaint,BB&T Corporation,BB&T Corporation,First Virginia Banks,First Virginia Banks,2003,,,3300.0,,,Acquisition,,,,,,BBT%20Corporation,First%20Virginia%20Banks
157,158,DOJ,2003,,,,335999,,Restructured Before Complaint,Veeco Instruments,Veeco Instruments,FEI Company,FEI Company,2003,,,,,,Acquisition,,,,,,Veeco%20Instruments,FEI%20Company
158,159,DOJ,2003,,,,,,Abandoned Before Complaint,Onex Corporation,Onex Corporation,OCM Opportunities Fund II,Silver Cinemas Acquisition Company,2003,,,,,,Acquisition,,,,,,Onex%20Corporation,OCM%20Opportunities%20Fund%20II
159,160,DOJ,2003,,,,,,Abandoned Before Complaint,Carlyle Partners III,Vought Aircraft Industries,Aerostructures Corporation,Aerostructures Corporation,2003,,,,,,Acquisition,,,,,,Carlyle%20Partners%20III,Aerostructures%20Corporation
160,161,DOJ,2003,,,,562212,,Abandoned Before Complaint,Allied Waste Industries,Allied Waste Industries,WCA Partners,WCA Partners,2003,,,,,,Acquisition,,,,,,Allied%20Waste%20Industries,WCA%20Partners
161,162,DOJ,2002,,,,522110,522110,Restructured Before Complaint,SunTrust Bank,SunTrust Bank,Huntington National Bank,Huntington National Bank,2002,,,,,,Acquisition,,,,,,SunTrust%20Bank,Huntington%20National%20Bank
162,163,DOJ,2002,,,,238110,,Restructured Before Complaint,Aggregate Industries,Aggregate Industries,Wakefield Materials Company,Wakefield Materials Company,2002,,,,,,Acquisition,,,,,,Aggregate%20Industries,Wakefield%20Materials%20Company
163,164,DOJ,2002,,,,,,Restructured Before Complaint,American General Media Corporation;Salisbury Broadcasting,American General Media Corporation;Salisbury Broadcasting,Rocky Mountain Broadcasting I;Mass Entertainment Corporation,Rocky Mountain Broadcasting I;Mass Entertainment Corporation,2002,,,,,,Acquisition,,,,,,American%20General%20Media%20Corporation,Rocky%20Mountain%20Broadcasting%20I
164,165,DOJ,2002,,,,423320,238110,Abandoned Before Complaint,Old Castle Materials,Old Castle Materials,Aggregate Industries,Central Region,2002,,,,,,Acquisition,,,,,,Old%20Castle%20Materials,Aggregate%20Industries
165,166,DOJ,2001,,,,423450,541511,Restructured Before Complaint,Varian Medical Systems,Varian Medical Systems,IMPAC Medical Systems,IMPAC Medical Systems,2001,,,,,,Acquisition,,,,,,Varian%20Medical%20Systems,IMPAC%20Medical%20Systems
166,167,DOJ,2001,,,,,,Restructured Before Complaint,Fleet Boston Financial Corporation,Fleet Boston Financial Corporation,Summit Bancorp,Summit Bancorp,2001,,,,,,Acquisition,,,,,,Fleet%20Boston%20Financial%20Corporation,Summit%20Bancorp
167,168,DOJ,2001,,,,,,Restructured Before Complaint,Eastman Kodak Company,Eastman Kodak Company,Bell & Howell Company,Bell & Howell Company,2001,,,,,,Acquisition,,,,,,Eastman%20Kodak%20Company,Bell%20%20Howell%20Company
168,169,DOJ,2001,,,,333314,518210,Restructured Before Complaint,JDS Uniphase,JDS Uniphase,SDL Inc.,SDL Inc.,2001,,,,,,Acquisition,,,,,,JDS%20Uniphase,SDL%20Inc
169,170,DOJ,2001,,,,,,Restructured Before Complaint,Lesaffre et Cie,Sensient Technologies Corporation,Universal Foods Corporation,Red Star Yeast Division,2001,,,,,,Acquisition,,,,,,Lesaffre%20et%20Cie,Universal%20Foods%20Corporation
170,171,DOJ,2001,,,,,334511,Restructured Before Complaint,General Electric,General Electric,Honeywell,Honeywell,2001,,,,,,Acquisition,,,,,,General%20Electric,Honeywell
171,172,DOJ,2001,,,,,,Restructured Before Complaint,BB&T Corporation,BB&T Corporation,Wachovia Corporation,Wachovia Corporation,2001,,,,,,Acquisition,,,,,,BBT%20Corporation,Wachovia%20Corporation
172,173,DOJ,2001,,,,331221,721110,Restructured Before Complaint,Electronic Data Systems,Electronic Data Systems,Sabre,Sabre,2001,,,,,,Acquisition,,,,,,Electronic%20Data%20Systems,Sabre
173,174,DOJ,2001,,,,481111,,Restructured Before Complaint,United Airlines,United Airlines,US Airways,US Airways,2001,,,,,,Acquisition,,,,,,United%20Airlines,US%20Airways
174,175,DOJ,2001,,,,,311999,Restructured Before Complaint,George Weston,George Weston,Unilever,Bestfoods Baking,2001,,,,,,Acquisition,,,,,,George%20Weston,Unilever
175,176,DOJ,2001,,,,334511,541330,Restructured Before Complaint,BAE Systems,BAE Systems,Lockheed Martin,Aerospace Electronics,2001,,,,,,Acquisition,Acquisition of Sanders Electronic Division of Aerospace Electronics system,,,,,BAE%20Systems,Lockheed%20Martin
176,177,DOJ,2001,,,,,,Restructured Before Complaint,State National Bancshare,State National Bancshare,Ruidoso Bank Corporation,Ruidoso Bank Corporation,2001,,,,,,Acquisition,,,,,,State%20National%20Bancshare,Ruidoso%20Bank%20Corporation
177,178,DOJ,2001,,,,,,Restructured Before Complaint,F&M,F&M,Atlantic Financial Corporation,Atlantic Financial Corporation,2001,,,,,,Acquisition,,,,,,FM,Atlantic%20Financial%20Corporation
178,179,DOJ,2001,,,,238990,,Restructured Before Complaint,Comcast,Comcast,Home Team Sports; Midwest Sports Channel,Home Team Sports; Midwest Sports Channel,2001,,,,,,Acquisition,,,,,,Comcast,Home%20Team%20Sports
179,180,DOJ,2001,,,,,,Restructured Before Complaint,Thomson Financial Corporation,Thomson Financial Corporation,Depository Trust Clearing Corporation,Depository Trust Clearing Corporation,2001,,,,,,Acquisition,,,,,,Thomson%20Financial%20Corporation,Depository%20Trust%20Clearing%20Corporation
180,181,DOJ,2001,,,,522110,,Abandoned Before Complaint,First Union,First Union,Wachovia Corporation,Wachovia Corporation,2001,,,,,,Acquisition,,,,,,First%20Union,Wachovia%20Corporation
181,182,DOJ,2001,,,,221118,221118,Abandoned Before Complaint,Xcel Energy,NRG Energy,Duke Energy,Duke Energy,2001,,,,,,Acquisition,,,,,,Xcel%20Energy,Duke%20Energy
182,183,DOJ,2001,,,,,,Abandoned Before Complaint,CRH plc,CRH plc,F.W. Whitcomb Company,F.W. Whitcomb Company,2001,,,,,,Acquisition,,,,,,CRH%20plc,FW%20Whitcomb%20Company
183,184,DOJ,2001,,,,221118,,Abandoned Before Complaint,Xcel Energy,Xcel Energy,Wisvest,Wisvest,2001,,,,,,Acquisition,,,,,,Xcel%20Energy,Wisvest
184,185,DOJ,2000,,,,551111,,Restructured Before Complaint,Zions Bancorp,Zions Bancorp,First Security Corporation,First Security Corporation,2000,,,,,,Acquisition,,,,,,Zions%20Bancorp,First%20Security%20Corporation
185,186,DOJ,2000,,,,,511110,Restructured Before Complaint,Hearst Corporation,Hearst Corporation,San Francisco Chronicle,San Francisco Chronicle,2000,,,,,,Acquisition,,,,,,Hearst%20Corporation,San%20Francisco%20Chronicle
186,187,DOJ,2000,,,,,,Restructured Before Complaint,Wells Fargo,Wells Fargo,First Commerce Bancshares,First Commerce Bancshares,2000,,,,,,Acquisition,,,,,,Wells%20Fargo,First%20Commerce%20Bancshares
187,188,DOJ,2000,,,,,,Restructured Before Complaint,Wells Fargo,Wells Fargo,First Security Corporation,First Security Corporation,2000,,,,,,Acquisition,,,,,,Wells%20Fargo,First%20Security%20Corporation
188,189,DOJ,2000,,,,,,Restructured Before Complaint,A. Ahlstrom Corporation,A. Ahlstrom Corporation,Kvaerner AsA,Kvaerner AsA,2000,,,,,,Acquisition,,,,,,A%20Ahlstrom%20Corporation,Kvaerner%20AsA
189,190,DOJ,2000,,,,115116,541380,Restructured Before Complaint,Monsanto,Monsanto,Delta and Pine Land,Delta and Pine Land,2000,,,,,,Acquisition,,,,,,Monsanto,Delta%20and%20Pine%20Land
190,191,DOJ,2000,,,,,,Restructured Before Complaint,Wells Fargo,Wells Fargo,First Place Financial Corporation,First Place Financial Corporation,2000,,,,,,Acquisition,,,,,,Wells%20Fargo,First%20Place%20Financial%20Corporation
191,192,DOJ,2000,,,,,,Abandoned Before Complaint,BB&T Corporation,BB&T Corporation,One Valley Bancorp,One Valley Bancorp,2000,,,,,,Acquisition,,,,,,BBT%20Corporation,One%20Valley%20Bancorp
192,193,DOJ,2000,,,,,541611,Abandoned Before Complaint,Allegheny Power System,Allegheny Power System,DQE,DQE,2000,,,,,,Acquisition,,,,,,Allegheny%20Power%20System,DQE
193,194,DOJ,2000,,,,,517919,Abandoned Before Complaint,PE Corporation,PE Corporation,Third Wave Technologies,Third Wave Technologies,2000,,,,,,Acquisition,,,,,,PE%20Corporation,Third%20Wave%20Technologies
194,195,DOJ,2000,,,,,,Abandoned Before Complaint,North Fork Bancorporation,North Fork Bancorporation,Dime Bancorp;Dime Savings Bank of New York,Dime Bancorp;Dime Savings Bank of New York,2000,,,,,,Acquisition,,,,,,North%20Fork%20Bancorporation,Dime%20Bancorp
195,196,DOJ,2000,,,,,,Abandoned Before Complaint,Firstar Corporation,Firstar Corporation,Mercantile Bancorporation,Mercantile Bancorporation,2000,,,,,,Acquisition,,,,,,Firstar%20Corporation,Mercantile%20Bancorporation
196,197,DOJ,2000,,,,,,Abandoned Before Complaint,Entravision Communication,Entravision Communication,Z-Spanish Media,Z-Spanish Media,2000,,,,,,Acquisition,,,,,,Entravision%20Communication,ZSpanish%20Media
197,198,DOJ,1999,,,,,522110,Restructured Before Complaint,City Holding Company,City Holding Company,Horizon Bancorp,Horizon Bancorp,1999,,,,,,Acquisition,,,,,,City%20Holding%20Company,Horizon%20Bancorp
198,199,DOJ,1999,,,,115116,,Restructured Before Complaint,Monsanto,Monsanto,DeKalb Genetics Corporation,DeKalb Genetics Corporation,1999,,,,,,Acquisition,,,,,,Monsanto,DeKalb%20Genetics%20Corporation
199,200,DOJ,1999,,,,,,Restructured Before Complaint,Formica Corporation,Formica Corporation,International Paper Company,International Paper Company,1999,,,,,,Acquisition,,,,,,Formica%20Corporation,International%20Paper%20Company
200,201,DOJ,1999,,,,515112,,Restructured Before Complaint,Clear Channel Communications,Clear Channel Communications,Jacor Communications,Jacor Communications,1999,,,,,,Acquisition,,,,,,Clear%20Channel%20Communications,Jacor%20Communications
201,202,DOJ,1999,,,,,,Restructured Before Complaint,Fox Paine Capital Fund,Fox Paine Capital Fund,Century Telephone Enterprises,Century Telephone Enterprises,1999,,,,,,Acquisition,,,,,,Fox%20Paine%20Capital%20Fund,Century%20Telephone%20Enterprises
202,203,DOJ,1999,,,,541810,238320,Restructured Before Complaint,Lamar Advertising,Lamar Advertising,Vivid,Vivid,1999,,,,,,Acquisition,,,,,,Lamar%20Advertising,Vivid
203,204,DOJ,1999,,,,,,Restructured Before Complaint,Abry Broadcasting Partners,Abry Broadcasting Partners,Bastet Broadcasting Corporation,Bastet Broadcasting Corporation,1999,,,,,,Acquisition,,,,,,Abry%20Broadcasting%20Partners,Bastet%20Broadcasting%20Corporation
204,205,DOJ,1999,,,,,238110,Restructured Before Complaint,AK Steel Corporation,AK Steel Corporation,Armco,Armco,1999,,,,,,Acquisition,,,,,,AK%20Steel%20Corporation,Armco
205,206,DOJ,1999,,,,541810,511199,Abandoned Before Complaint,Lamar Advertising,Lamar Advertising,Chancellor Media,Chancellor Media,1999,,,,,,Acquisition,,,,,,Lamar%20Advertising,Chancellor%20Media
206,207,DOJ,1999,,,,811412,333924,Abandoned Before Complaint,Reilly Industries,Reilly Industries,Allied Signal,Allied Signal,1999,,,,,,Acquisition,,,,,,Reilly%20Industries,Allied%20Signal
207,208,DOJ,1999,,,,,,Abandoned Before Complaint,General Dynamics,General Dynamics,Newport News Shipyard,Newport News Shipyard,1999,,,,,,Acquisition,,,,,,General%20Dynamics,Newport%20News%20Shipyard
208,209,DOJ,1999,,,,,,Abandoned Before Complaint,Chancellor Media Corporation,Chancellor Media Corporation,Petry Media Corporation,Petry Media Corporation,1999,,,,,,Acquisition,,,,,,Chancellor%20Media%20Corporation,Petry%20Media%20Corporation
209,210,DOJ,1999,,,,339999,,Abandoned Before Complaint,Litton Industries,Litton Industries,Newport News Shipyard,Newport News Shipyard,1999,,,,,,Acquisition,,,,,,Litton%20Industries,Newport%20News%20Shipyard
210,211,DOJ,1999,,,,541810,,Abandoned Before Complaint,Lamar Advertising,Lamar Advertising,Outdoor Communications,Outdoor Communications,1999,,,,,,Acquisition,,,,,,Lamar%20Advertising,Outdoor%20Communications
211,212,DOJ,1998,,,,,,Restructured Before Complaint,NationsBank Corporation,NationsBank Corporation,Barnett Banks,Barnett Banks,1998,,,,,,Acquisition,,,,,,NationsBank%20Corporation,Barnett%20Banks
212,213,DOJ,1998,,,,,,Restructured Before Complaint,General Electric,General Electric,Stewart & Stevenson Services,Gas Turbine Division,1998,,,,,,Acquisition,,,,,,General%20Electric,Stewart%20%20Stevenson%20Services
213,214,DOJ,1998,,,,,,Restructured Before Complaint,Perkin-Elmer Corporation,Perkin-Elmer Corporation,PerSeptive BioSystems,PerSeptive BioSystems,1998,,,,,,Acquisition,,,,,,PerkinElmer%20Corporation,PerSeptive%20BioSystems
214,215,DOJ,1998,,,,,,Restructured Before Complaint,Capstar Broadcasting,Capstar Broadcasting,Patterson Broadcasting,Patterson Broadcasting,1998,,,,,,Acquisition,,,,,,Capstar%20Broadcasting,Patterson%20Broadcasting
215,216,DOJ,1998,,,,,,Restructured Before Complaint,Blackstone Capital Partners II Merchant Banking Fund;Haynes Holdings,Blackstone Capital Partners II Merchant Banking Fund;Haynes Holdings,Inco Alloys International,Inco Alloys International,1998,,,,,,Acquisition,,,,,,Blackstone%20Capital%20Partners%20II%20Merchant%20Banking%20Fund,Inco%20Alloys%20International
216,217,DOJ,1998,,,,,,Restructured Before Complaint,People Heritage Financial Group,People Heritage Financial Group,CFX Corporation,CFX Corporation,1998,,,,,,Acquisition,,,,,,People%20Heritage%20Financial%20Group,CFX%20Corporation
217,218,DOJ,1998,,,,515112,,Restructured Before Complaint,Clear Channel Communications,Clear Channel Communications,Universal Outdoor Holdings,Universal Outdoor Holdings,1998,,,,,,Acquisition,,,,,,Clear%20Channel%20Communications,Universal%20Outdoor%20Holdings
218,219,DOJ,1998,,,,423840,,Restructured Before Complaint,Thermo Environmental Instruments,Thermo Environmental Instruments,Graseby Anderson,Graseby Specac Limited,1998,,,,,,Acquisition,,,,,,Thermo%20Environmental%20Instruments,Graseby%20Anderson
219,220,DOJ,1998,,,,488119,481111,Restructured Before Complaint,American Airlines,American Airlines,Aerolineas Argentinas,Aerolineas Argentinas,1998,,,,,,Acquisition,,,,,,American%20Airlines,Aerolineas%20Argentinas
220,221,DOJ,1998,,,,443142,,Restructured Before Complaint,WorldCom,WorldCom,MCI Communications,MCI Communications,1998,,,,,,Acquisition,,,,,,WorldCom,MCI%20Communications
221,222,DOJ,1998,,,,,811219,Restructured Before Complaint,Jacor Communications,Jacor Communications,Nationwide Communications,Nationwide Communications,1998,,,,,,Acquisition,,,,,,Jacor%20Communications,Nationwide%20Communications
222,223,DOJ,1998,,,,445299,311421,Restructured Before Complaint,Dean Foods,Dean Foods,Barber Dairies,Barber Dairies,1998,,,,,,Acquisition,,,,,,Dean%20Foods,Barber%20Dairies
223,224,DOJ,1998,,,,518210,541611,Abandoned Before Complaint,Reed Elsevier,Reed Elsevier Business Information,Wolters Kluwer NV,Wolters Kluwer NV,1998,,,,,,Acquisition,,,,,,Reed%20Elsevier,Wolters%20Kluwer%20NV
224,225,DOJ,1998,,,,,,Abandoned Before Complaint,Andrew Taitz,Andrew Taitz,Harley Davidson,Utilimaster Division,1998,,,,,,Acquisition,,,,,,Andrew%20Taitz,Harley%20Davidson
225,226,DOJ,1998,,,,,,Abandoned Before Complaint,SunGard Data Systems,SunGard Data Systems,Rolfe & Nolan,Rolfe & Nolan,1998,,,,,,Acquisition,,,,,,SunGard%20Data%20Systems,Rolfe%20%20Nolan
226,227,DOJ,1998,,,,522110,522110,Abandoned Before Complaint,Star Bank,Star Bank,Bank One; Bank One Wheeling,Bank One; Bank One Wheeling,1998,,,,,,Acquisition,,,,,,Star%20Bank,Bank%20One
227,228,DOJ,1998,,,,522110,,Abandoned Before Complaint,Bangor Savings Bank,Bangor Savings Bank,Fleet Bank of Maine,Fleet Bank of Maine,1998,,,,,,Acquisition,,,,,,Bangor%20Savings%20Bank,Fleet%20Bank%20of%20Maine
228,229,DOJ,1998,,,,,,Abandoned Before Complaint,National City Corporation,National City Corporation,First of America Bank Corporation,First of America Bank Corporation,1998,,,,,,Acquisition,,,,,,National%20City%20Corporation,First%20of%20America%20Bank%20Corporation
229,230,DOJ,1998,,,,,541690,Abandoned Before Complaint,Capstar Broadcasting,Capstar Broadcasting,Paxson Communications,Paxson Communications,1998,,,,,,Acquisition,,,,,,Capstar%20Broadcasting,Paxson%20Communications
230,231,DOJ,1998,,,,,,Abandoned Before Complaint,Specialty Teleconstructors,Specialty Teleconstructors,Stainless Broadcasting,Stainless Broadcasting,1998,,,,,,Acquisition,,,,,,Specialty%20Teleconstructors,Stainless%20Broadcasting
231,232,DOJ,1998,,,,,515112,Abandoned Before Complaint,Capstar Broadcasting,Capstar Broadcasting,Big Chief Broadcasting,Big Chief Broadcasting,1998,,,,,,Acquisition,,,,,,Capstar%20Broadcasting,Big%20Chief%20Broadcasting
232,233,DOJ,1998,,,,,,Abandoned Before Complaint,West Virginia Radio,West Virginia Radio,Fantasia Broadcasting,Fantasia Broadcasting,1998,,,,,,Acquisition,,,,,,West%20Virginia%20Radio,Fantasia%20Broadcasting
233,234,DOJ,1998,,,,,512110,Abandoned Before Complaint,Meredith Corporation,Meredith Corporation,First Media Television,First Media Television,1998,,,,,,Acquisition,,,,,,Meredith%20Corporation,First%20Media%20Television
234,235,DOJ,1997,,,,541810,,Restructured Before Complaint,Lamar Advertising,Lamar Advertising,Headrick Outdoor,Headrick Outdoor,1997,,,,,,Acquisition,,,,,,Lamar%20Advertising,Headrick%20Outdoor
235,236,DOJ,1997,,,,,,Restructured Before Complaint,Outdoor System,Outdoor System,3M,National Advertising Company,1997,,,,,,Acquisition,,,,,,Outdoor%20System,3M
236,237,DOJ,1997,,,,423690,541611,Abandoned Before Complaint,Tyco International,Tyco International,Keystone International,Keystone International,1997,,,,,,Acquisition,,,,,,Tyco%20International,Keystone%20International
237,238,DOJ,1997,,,,,,Abandoned Before Complaint,Andersen Area Medical Center;Greenville Hospital System,Andersen Area Medical Center;Greenville Hospital System,Spartanburg Hospital System,Spartanburg Hospital System,1997,,,,,,Acquisition,,,,,,Andersen%20Area%20Medical%20Center,Spartanburg%20Hospital%20System
238,239,DOJ,1997,,,,562211,562219,Abandoned Before Complaint,Waste Management,Waste Management of Ohio,USA Waste Services,USA Waste Services,1997,,,,,,Acquisition,,,,,,Waste%20Management,USA%20Waste%20Services
239,240,DOJ,1997,,,,333924,236116,Abandoned Before Complaint,Allied Signal,Allied Signal Truck Brake Systems,Echlin,Midland Brake;Prattville MFG;United Brake Systems,1997,,,,,,Acquisition,,,,,,Allied%20Signal,Echlin
240,241,DOJ,1997,,,,423990,,Abandoned Before Complaint,GKN,GKN,Weasler Holdings,Weasler Holdings,1997,,,,,,Acquisition,,,,,,GKN,Weasler%20Holdings
241,242,DOJ,1996,,,,,,Restructured Before Complaint,Fleet Financial Group,Fleet Financial Group,Shawmut National Corporation,Shawmut National Corporation,1996,,,,,,Acquisition,,,,,,Fleet%20Financial%20Group,Shawmut%20National%20Corporation
242,243,DOJ,1996,,,,,,Restructured Before Complaint,Walt Disney,Walt Disney,Capital Cities/ABC,Capital Cities/ABC,1996,,,,,,Acquisition,,,,,,Walt%20Disney,Capital%20CitiesABC
243,244,DOJ,1996,,,,,,Restructured Before Complaint,UNC Inc.,UNC Inc.,CFC Aviation Service,CFC Aviation Service,1996,,,,,,Acquisition,,,,,,UNC%20Inc,CFC%20Aviation%20Service
244,245,DOJ,1996,,,,213112,,Restructured Before Complaint,Smith International,Smith International,Anchor Drilling Fluids of Norway,Anchor Drilling Fluids of Norway,1996,,,,,,Acquisition,,,,,,Smith%20International,Anchor%20Drilling%20Fluids%20of%20Norway
245,246,DOJ,1996,,,,,,Restructured Before Complaint,Cooper Cameron Corporation,Cooper Cameron Corporation,Ingram Cactus Company,Ingram Cactus Company,1996,,,,,,Acquisition,,,,,,Cooper%20Cameron%20Corporation,Ingram%20Cactus%20Company
246,247,DOJ,1996,,,,,,Restructured Before Complaint,Park Corporation,Park Corporation,Johnstown Corporation,Johnstown Corporation,1996,,,,,,Acquisition,,,,,,Park%20Corporation,Johnstown%20Corporation
247,248,DOJ,1996,,,,,325611,Restructured Before Complaint,Genecor International,Genecor International,Solvay,Solvay,1996,,,,,,Acquisition,,,,,,Genecor%20International,Solvay
248,249,DOJ,1996,,,,,,Restructured Before Complaint,Outdoor System,Outdoor System,Gannett Company,Outdoor Division,1996,,,,,,Acquisition,,,,,,Outdoor%20System,Gannett%20Company
249,250,DOJ,1996,,,,423830,,Restructured Before Complaint,Ingersoll Rand Company,Ingersoll Rand Company,Zimmerman International Corporation,Zimmerman International Corporation,1996,,,,,,Acquisition,,,,,,Ingersoll%20Rand%20Company,Zimmerman%20International%20Corporation
250,251,DOJ,1996,,,,,339999,Restructured Before Complaint,Westinghouse Air Brake Technologies,Westinghouse Air Brake Technologies,Mark IV Industries,Mark IV Industries,1996,,,,,,Acquisition,,,,,,Westinghouse%20Air%20Brake%20Technologies,Mark%20IV%20Industries
251,252,DOJ,1996,,,,,,Restructured Before Complaint,Archer-Daniels-Midland,Archer-Daniels-Midland,Gruma S.A. de C.V.,Gruma S.A. de C.V.,1996,,,,,,Acquisition,,,,,,ArcherDanielsMidland,Gruma%20SA%20de%20CV
252,253,DOJ,1996,,,,,551111,Restructured Before Complaint,Corestates Financial,Corestates Financial,Meridian Bancorp,Meridian Bancorp,1996,,,,,,Acquisition,,,,,,Corestates%20Financial,Meridian%20Bancorp
253,254,DOJ,1996,,,,115210,,Abandoned Before Complaint,Darling International,Darling International,Modesto Tallow Company,Modesto Tallow Company,1996,,,,,,Acquisition,,,,,,Darling%20International,Modesto%20Tallow%20Company
254,255,DOJ,1996,,,,517919,,Abandoned Before Complaint,Sinclair Broadcast Group,Sinclair Broadcast Group,River City Broadcasting,River City Broadcasting,1996,,,,,,Acquisition,,,,,,Sinclair%20Broadcast%20Group,River%20City%20Broadcasting
255,256,DOJ,1996,,,,424490,,Abandoned Before Complaint,ConAgra,ConAgra,Mrs. Smith's,Mrs. Smith's,1996,,,,,,Acquisition,,,,,,ConAgra,Mrs%20Smiths
256,257,DOJ,1996,,,,,,Abandoned Before Complaint,Fairmount Tamper,Fairmount Tamper,Pandrol Jackson,Tamper business,1996,,,,,,Acquisition,Acquisition of Pandrol Jackson's tamper business,,,,,Fairmount%20Tamper,Pandrol%20Jackson
257,258,DOJ,1995,,,,,,Restructured Before Complaint,Key Corporation,Key Corporation,Casco Northern Bank,Casco Northern Bank,1995,,,,,,Acquisition,,,,,,Key%20Corporation,Casco%20Northern%20Bank
258,259,DOJ,1995,,,,,,Restructured Before Complaint,BJ Services,BJ Services,Western Company of North America,Western Company of North America,1995,,,,,,Acquisition,,,,,,BJ%20Services,Western%20Company%20of%20North%20America
259,260,DOJ,1995,,,,423830,,Restructured Before Complaint,Ingersoll Rand Company,Ingersoll Rand Company,Clark Equipment Company,Clark Equipment Company,1995,,,,,,Acquisition,,,,,,Ingersoll%20Rand%20Company,Clark%20Equipment%20Company
260,261,DOJ,1995,,,,,,Restructured Before Complaint,Land-O-Sun Dairies,Land-O-Sun Dairies,Mid-America Dairymen,Flav-O-Rich,1995,,,,,,Acquisition,,,,,,LandOSun%20Dairies,MidAmerica%20Dairymen
261,262,DOJ,1995,,,,621111,,Restructured Before Complaint,United Healthcare,United Healthcare,MetraHealth Companies,MetraHealth Companies,1995,,,,,,Acquisition,,,,,,United%20Healthcare,MetraHealth%20Companies
262,263,DOJ,1995,,,,,522110,Restructured Before Complaint,First Commerce Corporation,First Commerce Corporation,Lakeside National Bank,Lakeside National Bank,1995,,,,,,Acquisition,,,,,,First%20Commerce%20Corporation,Lakeside%20National%20Bank
263,264,DOJ,1994,,,,523120,541990,Restructured Before Complaint,Goldman Sachs,Goldman Sachs,National Gypsum Company,National Gypsum Company,1994,,,,,,Acquisition,,,,,,Goldman%20Sachs,National%20Gypsum%20Company
264,265,DOJ,1994,,,,,326199,Restructured Before Complaint,Cyprus Minerals Company,Cyprus Minerals Company,Amax,Amax,1994,,,,,,Acquisition,,,,,,Cyprus%20Minerals%20Company,Amax
265,266,DOJ,1994,,,,518210,,Restructured Before Complaint,Intuit,Intuit,Chipsoft,Chipsoft,1994,,,,,,Acquisition,,,,,,Intuit,Chipsoft
266,267,DOJ,1994,,,,,238210,Restructured Before Complaint,Eastern Corporation,Eastern Corporation,Westinghouse Electric,Distribution and Control Business Unit,1994,,,,,,Acquisition,,,,,,Eastern%20Corporation,Westinghouse%20Electric
267,268,DOJ,1994,,,,236116,424720,Restructured Before Complaint,Peter Kiewit Sons,Peter Kiewit Sons,Ashland Oil,APAC-Arizona Construction,1994,,,,,,Acquisition,,,,,,Peter%20Kiewit%20Sons,Ashland%20Oil
268,269,DOJ,1994,,,,,,Restructured Before Complaint,Marshall & Isley,Marshall & Isley,Valley Bancorporation,Valley Bancorporation,1994,,,,,,Acquisition,,,,,,Marshall%20%20Isley,Valley%20Bancorporation
269,270,DOJ,1994,,,,,,Restructured Before Complaint,Bell South Corporation,Bell South Corporation,Prime II Management and Community Cable TV,,1994,,,,,,Acquisition,,,,,,Bell%20South%20Corporation,Prime%20II%20Management%20and%20Community%20Cable%20TV
270,271,DOJ,1994,,,,518210,541330,Restructured Before Complaint,Intuit,Intuit,Parsons Technology,Parsons Technology,1994,,,,,,Acquisition,,,,,,Intuit,Parsons%20Technology
271,272,DOJ,1994,,,,,,Abandoned Before Complaint,Pacific Industries,Pacific Industries,Michigan California Lumber,Michigan California Lumber,1994,,,,,,Acquisition,,,,,,Pacific%20Industries,Michigan%20California%20Lumber
272,273,DOJ,1994,,,,,522110,Abandoned Before Complaint,First National Bank & Trust of McAlester,First National Bank & Trust of McAlester,Bank of Oklahoma,McAlester branch,1994,,,,,,Acquisition,,,,,,First%20National%20Bank%20%20Trust%20of%20McAlester,Bank%20of%20Oklahoma
273,274,DOJ,1994,,,,445299,,Abandoned Before Complaint,Dean Foods,Dean Foods,Flav-o-Rich,Flav-o-Rich,1994,,,,,,Acquisition,,,,,,Dean%20Foods,FlavoRich
274,275,DOJ,1994,,,,523930,,Abandoned Before Complaint,PNC Financial Services,PNC Financial Services,First Eastern Corporation,First Eastern Corporation,1994,,,,,,Acquisition,,,,,,PNC%20Financial%20Services,First%20Eastern%20Corporation
275,276,DOJ,1993,,,,,,Restructured Before Complaint,Coflexip,Coflexip,Wellstream Corporation,Wellstream Corporation,1993,,,,,,Acquisition,,,,,,Coflexip,Wellstream%20Corporation
276,277,DOJ,1993,,,,522110,,Restructured Before Complaint,Banco Popular,Banco Popular,CoreStates Financial Corporation,U.S.V.I. branches,1993,,,,,,Asset Purchase,Acquisition of Virgin Island bank branches,,,,,Banco%20Popular,CoreStates%20Financial%20Corporation
277,278,DOJ,1993,,,,523120,,Abandoned Before Complaint,Texas Commerce Bank,Texas Commerce Bank,New First City Bank-El Paso,New First City Bank-El Paso,1993,,,,,,Acquisition,,,,,,Texas%20Commerce%20Bank,New%20First%20City%20BankEl%20Paso
278,279,DOJ,1993,,,,,,Abandoned Before Complaint,ChipSoft,ChipSoft,MECA Software,MECA Software,1993,,,,,,Acquisition,,,,,,ChipSoft,MECA%20Software
279,280,DOJ,1992,,,,,,Restructured Before Complaint,Page Avjet Airport Services,Page Avjet Airport Services,Butler Aviation International,Butler Aviation International,1992,,,,,,Acquisition,,,,,,Page%20Avjet%20Airport%20Services,Butler%20Aviation%20International
280,281,DOJ,1992,,,,237990,,ICC Litigation,Wisconsin Central Railroad,Wisconsin Central Railroad,Green Bay and Western Railroad;Fox River Valley Railroad,Green Bay and Western Railroad;Fox River Valley Railroad,1992,,,,,,Acquisition,,,,,,Wisconsin%20Central%20Railroad,Green%20Bay%20and%20Western%20Railroad
281,282,DOJ,1991,,,,,,Abandoned/Restructured Before Complaint,Unimin Corporation,Unimin Corporation,Indusmin,Indusmin,1991,,,,,,Acquisition,,,,,,Unimin%20Corporation,Indusmin
282,283,DOJ,1991,,,,531210,541330,Abandoned/Restructured Before Complaint,ECC Group,ECC Group,Combustion Engineering,Georgia Kaolin Company,1991,,,,,,Acquisition,,,,,,ECC%20Group,Combustion%20Engineering
283,284,DOJ,1991,,,,445110,,Abandoned/Restructured Before Complaint,Hershey Foods,Hershey Foods,American Italian Pasta Company,American Italian Pasta Company,1991,,,,,,Acquisition,,,,,,Hershey%20Foods,American%20Italian%20Pasta%20Company
284,285,DOJ,1991,,,,,541380,Abandoned/Restructured Before Complaint,Fiat Group,Fiat Group,Ford Motor Company,Farm Equipment Operations,1991,,,,,,Acquisition,,,,,,Fiat%20Group,Ford%20Motor%20Company
285,286,DOJ,1991,,,,,481111,Abandoned/Restructured Before Complaint,AMR Corporation,AMR Corporation,Trans World Airlines,International Route Authority,1991,,,,,,Acquisition,,,,,,AMR%20Corporation,Trans%20World%20Airlines
286,287,DOJ,1991,,,,327992,,Abandoned/Restructured Before Complaint,Fairmount Minerals,Fairmount Minerals,Hepworth Minerals and Chemicals,Hepworth Minerals and Chemicals,1991,,,,,,Acquisition,,,,,,Fairmount%20Minerals,Hepworth%20Minerals%20and%20Chemicals
287,288,DOJ,1991,,,,621111,481111,Abandoned/Restructured Before Complaint,Delta;United;Northwest;American,Delta;United;Northwest;American,Eastern Airlines,Eastern Airlines,1991,,,,,,Acquisition,,,,,,Delta,Eastern%20Airlines
288,289,DOJ,1990,,,,,,Abandoned Before Complaint,American Multi-Cinema,American Multi-Cinema,Mid-American Cinema Corporation,Mid-American Cinema Corporation,1990,,,,,,Acquisition,,,,,,American%20MultiCinema,MidAmerican%20Cinema%20Corporation
289,290,DOJ,1990,,,,,,Abandoned Before Complaint,Boringuen Container Corporation,Boringuen Container Corporation,Proalfa-Puerto Rico,Proalfa-Puerto Rico,1990,,,,,,Acquisition,,,,,,Boringuen%20Container%20Corporation,ProalfaPuerto%20Rico
290,291,DOJ,1990,,,,,,Restructured Before Complaint,United States Banknote Company,United States Banknote Company,International Banknote Company,International Banknote Company,1990,,,,,,Acquisition,,,,,,United%20States%20Banknote%20Company,International%20Banknote%20Company
291,292,DOJ,1989,,,,524210,,Abandoned/Restructured Before Complaint,TBG,TBG,Chase Brass & Copper,Chase Brass & Copper,1989,,,,,,Acquisition,,,,,,TBG,Chase%20Brass%20%20Copper
292,293,DOJ,1989,,,,811412,,Abandoned/Restructured Before Complaint,BOC Group,BOC Group,UGI Corporation,AmeriGas,1989,,,,,,Acquisition,,,,,,BOC%20Group,UGI%20Corporation
293,294,DOJ,1988,,,,,332913,Abandoned Before Complaint,General Instrument Corporation,General Instrument Corporation,Autotote,Autotote,1988,,,,,,Acquisition,,,,,,General%20Instrument%20Corporation,Autotote
294,295,DOJ,1988,,,,,,Abandoned Before Complaint,BTU Engineering,BTU Engineering,Thermco Systems,Thermco Systems,1988,,,,,,Acquisition,,,,,,BTU%20Engineering,Thermco%20Systems
295,296,DOJ,1988,,,,,722511,Abandoned Before Complaint,J. Heinz Company,J. Heinz Company,Bumble Bee Seafoods,Bumble Bee Seafoods,1988,,,,,,Acquisition,,,,,,J%20Heinz%20Company,Bumble%20Bee%20Seafoods
296,297,DOJ,1985,,,,,,Abandoned/Restructured Before Complaint,Dunlop Olympic Limited,Dunlop Olympic Limited,Youngs Drug Products Corporation,Youngs Drug Products Corporation,1985,,,,,,Acquisition,Acquisition of the condom business of Youngs Drug,,,,,Dunlop%20Olympic%20Limited,Youngs%20Drug%20Products%20Corporation
297,298,DOJ,1984,,,,,,Abandoned/Restructured Before Complaint,Pacific Telecom,Pacific Telecom,Glacier State Telephone Company;Juneau and Douglas Telephone Company,Glacier State Telephone Company;Juneau and Douglas Telephone Company,1984,,,,,,Acquisition,,,,,,Pacific%20Telecom,Glacier%20State%20Telephone%20Company
298,299,DOJ,1983,,,,812310,541618,Abandoned/Restructured Before Complaint,Mission Industries,Mission Industries,Petrolane,Petrolane,1983,,,,,,Acquisition,,,,,,Mission%20Industries,Petrolane
299,300,DOJ,1982,,,,,424490,Abandoned/Restructured Before Complaint,Early California Industry,Early California Industry,Pacific International Rice Mills,Pacific International Rice Mills,1982,,,,,,Acquisition,,,,,,Early%20California%20Industry,Pacific%20International%20Rice%20Mills
300,301,DOJ,1982,,,,,,Abandoned/Restructured Before Complaint,National Medical Enterprises,National Medical Enterprises,National Health Enterprises,National Health Enterprises,1982,,,,,,Acquisition,,,,,,National%20Medical%20Enterprises,National%20Health%20Enterprises
301,302,DOJ,1982,,,,621610,,Abandoned/Restructured Before Complaint,Beverly Enterprises,Beverly Enterprises,Mediplex,Mediplex,1982,,,,,,Acquisition,,,,,,Beverly%20Enterprises,Mediplex
302,303,DOJ,1982,,,,541219,,Abandoned/Restructured Before Complaint,Anacomp,Anacomp,D.S.I.,D.S.I.,1982,,,,,,Acquisition,,,,,,Anacomp,DSI
303,304,DOJ,1982,,,,,,Abandoned Before Complaint,G. Heileman Brewing,G. Heileman Brewing,Jos. Schlitz Brewing Company,Jos. Schlitz Brewing Company,1982,,,,,,Acquisition,,,,,,G%20Heileman%20Brewing,Jos%20Schlitz%20Brewing%20Company
304,305,DOJ,1981,,,,326199,,Restructured Before Complaint,Nibco,Nibco,Celanese Corporation,Piping Systems Division,1981,,,,,,Acquisition,,,,,,Nibco,Celanese%20Corporation
