"","Agency","Fiscal Year","Case Open Date","Case Title","Federal Court","Acquirer Industry Code","Acquired Industry Code","Enforcement Action","Acquirer_Parent","Acquirer","Acquired_Parent","Acquired","Fiscal_Year_Complaint","Date_Complaint_Filed","Date of Opinion","Value","Revenue of Acquirer","Revenue of Acquired","Type of Transact","Notes","Divestiture Revenue","Market Share of Acquirer","Market Share of Acquired","Market Revenue","Acquirer_New","Acquired_New"
"1","DOJ",2012,"N/A","N/A","N/A",NA,NA,"Restructured Before Complaint","Apple","Apple","Novell","Novell",2012,"N/A","N/A","450",NA,NA,"Acquisition of Novell patents",NA,NA,NA,NA,NA,"Apple","Novell"
"2","DOJ",2011,"N/A","N/A","N/A",NA,NA,"Restructured Before Complaint","CPTN Holdings","CPTN Holdings","Novell","Novell",2011,"N/A","N/A","450",NA,NA,"Acquisition of patents",NA,NA,NA,NA,NA,"CPTN%20Holdings","Novell"
"3","DOJ",2010,"N/A","N/A","N/A",NA,NA,"Restructured Before Complaint","Continental Airlines","Continental Airlines","AirTran Airways","AirTran Airways",2010,"N/A","N/A",NA,NA,NA,"Asset Exchange","Slot exchange at Newark, LaGuardia, and Reagan Airports",NA,NA,NA,NA,"Continental%20Airlines","AirTran%20Airways"
"4","DOJ",1997,"N/A","N/A","N/A",NA,NA,"Abandoned Before Complaint","Starkist Food;H.J. Heinz;Bumble Bee Seafood","Starkist Food;H.J. Heinz;Bumble Bee Seafood","Unicord Public;Questor Partners","Unicord Public;Questor Partners",1997,"N/A","N/A",NA,NA,NA,"Asset Exchange",NA,NA,NA,NA,NA,"Starkist%20Food","Unicord%20Public"
"5","DOJ",2014,"N/A","N/A","N/A",NA,NA,"Abandoned Before Complaint","Sinclair Broadcast Group","Sinclair Broadcast Group","Barrington Broadcasting Group","Barrington Broadcasting Group",2014,"N/A","N/A",NA,NA,NA,"Asset Purchase","Acquisition of 18 TV stations",NA,NA,NA,NA,"Sinclair%20Broadcast%20Group","Barrington%20Broadcasting%20Group"
"6","DOJ",2014,"N/A","N/A","N/A",NA,NA,"Abandoned Before Complaint","Cunningham Broadcasting","Cunningham Broadcasting","WWCP-TV;WATM-TV","WWCP-TV;WATM-TV",2014,"N/A","N/A",NA,NA,NA,"Asset Purchase","Licensing Marketing Agreement with WATM-TV",NA,NA,NA,NA,"Cunningham%20Broadcasting","WWCPTV"
"7","DOJ",2013,"N/A","N/A","N/A",NA,NA,"Abandoned Before Complaint","Camden National Bank","Camden National Bank","Bank of America","Bank of America Branches",2013,"N/A","N/A",NA,NA,NA,"Asset Purchase","Acquisition of certain assets by Bank of America",NA,NA,NA,NA,"Camden%20National%20Bank","Bank%20of%20America"
"8","DOJ",2009,"N/A","N/A","N/A",NA,NA,"Restructured Before Complaint","Tilcon New York/Trap Rock Industries","Tilcon New York/Trap Rock Industries","3M","Aggregate quarry",2009,"N/A","N/A",NA,NA,NA,"Asset Purchase","Acquisition of 3M's Belle Mead,NJ aggregate quarry",NA,NA,NA,NA,"Tilcon%20New%20YorkTrap%20Rock%20Industries","3M"
"9","DOJ",2007,"N/A","N/A","N/A",NA,NA,"Restructured Before Complaint","Entercom Communications","Entercom Communications","CBS","CBS",2007,"N/A","N/A",NA,NA,NA,"Asset Purchase","Acquisition of CBS radio stations",NA,NA,NA,NA,"Entercom%20Communications","CBS"
"10","DOJ",2007,"N/A","N/A","N/A",NA,NA,"Restructured Before Complaint","Media General","Media General","General Electric","General Electric",2007,"N/A","N/A",NA,NA,NA,"Asset Purchase","Acquisition of General Electric TV stations",NA,NA,NA,NA,"Media%20General","General%20Electric"
"11","DOJ",2001,"N/A","N/A","N/A",NA,NA,"Restructured Before Complaint","Orica Limited","Orica Limited","LaRoche Industries","LaRoche Industries",2001,"N/A","N/A",NA,NA,NA,"Asset Purchase","Acquisition of ammonium nitrate assets",NA,NA,NA,NA,"Orica%20Limited","LaRoche%20Industries"
"12","DOJ",2001,"N/A","N/A","N/A",NA,NA,"Restructured Before Complaint","Eure Communication","Eure Communication","Charlottesville Broadcasting Corporation","Charlottesville Broadcasting Corporation",2001,"N/A","N/A",NA,NA,NA,"Asset Purchase","Acquisition of WCHV-AM and WKAV-AM TV stations",NA,NA,NA,NA,"Eure%20Communication","Charlottesville%20Broadcasting%20Corporation"
"13","DOJ",2000,"N/A","N/A","N/A",NA,NA,"Restructured Before Complaint","Entercom Communications","Entercom Communications","Sinclair Broadcasting Group","Sinclair Broadcasting Group",2000,"N/A","N/A",NA,NA,NA,"Asset Purchase","Acquisition of Kansas radio stations",NA,NA,NA,NA,"Entercom%20Communications","Sinclair%20Broadcasting%20Group"
"14","DOJ",2000,"N/A","N/A","N/A",NA,NA,"Restructured Before Complaint","Citadel Communication","Citadel Communication","Liggett Broadcast","Liggett Broadcast",2000,"N/A","N/A",NA,NA,NA,"Asset Purchase","Acquisition of Michigan radio stations",NA,NA,NA,NA,"Citadel%20Communication","Liggett%20Broadcast"
"15","DOJ",2000,"N/A","N/A","N/A",NA,NA,"Restructured Before Complaint","Allied Waste Industries","Allied Waste Industries","Waste Management","Waste Management",2000,"N/A","N/A",NA,NA,NA,"Asset Purchase","Acquisition of Waste Collection and Disposal assets  in MS and OH",NA,NA,NA,NA,"Allied%20Waste%20Industries","Waste%20Management"
"16","DOJ",2000,"N/A","N/A","N/A",NA,NA,"Restructured Before Complaint","Hicks, Muse, Tate & Furst Equity Fund III","Hicks, Muse, Tate & Furst Equity Fund III","Sinclair Broadcasting Group","Sinclair Broadcasting Group",2000,"N/A","N/A",NA,NA,NA,"Asset Purchase","Acquisition of WICS-TV and WICD-TV in IL",NA,NA,NA,NA,"Hicks%20Muse%20Tate%20%20Furst%20Equity%20Fund%20III","Sinclair%20Broadcasting%20Group"
"17","DOJ",2000,"N/A","N/A","N/A",NA,NA,"Abandoned Before Complaint","Cumulus Broadcasting","Cumulus Broadcasting","Mustang Broadcasting","Mustang Broadcasting",2000,"N/A","N/A",NA,NA,NA,"Asset Purchase","Acquisition of three radio stations in CO",NA,NA,NA,NA,"Cumulus%20Broadcasting","Mustang%20Broadcasting"
"18","DOJ",1999,"N/A","N/A","N/A",NA,NA,"Restructured Before Complaint","Media One Group-Erie","Media One Group-Erie","Rambaldo Communications","Rambaldo Communications",1999,"N/A","N/A",NA,NA,NA,"Asset Purchase","Acquisition of two radio stations in Erie, PA",NA,NA,NA,NA,"Media%20One%20GroupErie","Rambaldo%20Communications"
"19","DOJ",1999,"N/A","N/A","N/A",NA,NA,"Restructured Before Complaint","Marathon Media","Marathon Media","Citadel Communications","Citadel Communications",1999,"N/A","N/A",NA,NA,NA,"Asset Purchase","Acquisition of five radio stations in MT",NA,NA,NA,NA,"Marathon%20Media","Citadel%20Communications"
"20","DOJ",1999,"N/A","N/A","N/A",NA,NA,"Abandoned Before Complaint","Capstar Broadcasting","Capstar Broadcasting","Radio of Vero","Radio of Vero",1999,"N/A","N/A",NA,NA,NA,"Asset Purchase","Acquisition of WPAW-FM radio station in FL",NA,NA,NA,NA,"Capstar%20Broadcasting","Radio%20of%20Vero"
"21","DOJ",1999,"N/A","N/A","N/A",NA,NA,"Abandoned Before Complaint","Capstar Broadcasting","Capstar Broadcasting","Powell Broadcasting","Powell Broadcasting",1999,"N/A","N/A",NA,NA,NA,"Asset Purchase","Acquisition of KTBT-FM radio station in LA",NA,NA,NA,NA,"Capstar%20Broadcasting","Powell%20Broadcasting"
"22","DOJ",1999,"N/A","N/A","N/A",NA,NA,"Abandoned Before Complaint","Capstar Broadcasting","Capstar Broadcasting","James L. Gibbons","James L. Gibbons",1999,"N/A","N/A",NA,NA,NA,"Asset Purchase","Acquisition of two radio stations in VA; Gibbons is a person.",NA,NA,NA,NA,"Capstar%20Broadcasting","James%20L%20Gibbons"
"23","DOJ",1998,"N/A","N/A","N/A",NA,NA,"Restructured Before Complaint","Connoisseur Communications","Connoisseur Communications","Lincoln Group","Lincoln Group",1998,"N/A","N/A",NA,NA,NA,"Asset Purchase","Acquisition of two radio stations in OH",NA,NA,NA,NA,"Connoisseur%20Communications","Lincoln%20Group"
"24","DOJ",1998,"N/A","N/A","N/A",NA,NA,"Restructured Before Complaint","Sinclair Broadcast Group","Sinclair Broadcast Group","Heritage Media Corporation;Phase II Broadcasting","Heritage Media Corporation;Phase II Broadcasting",1998,"N/A","N/A",NA,NA,NA,"Asset Purchase","Acquisition of five radio stations in LA",NA,NA,NA,NA,"Sinclair%20Broadcast%20Group","Heritage%20Media%20Corporation"
"25","DOJ",1998,"N/A","N/A","N/A",NA,NA,"Restructured Before Complaint","Capstar Acquisition Company","Capstar Acquisition Company","KRNA","KRNA",1998,"N/A","N/A",NA,NA,NA,"Asset Purchase","Acquisition of a radio station in IA",NA,NA,NA,NA,"Capstar%20Acquisition%20Company","KRNA"
"26","DOJ",1998,"N/A","N/A","N/A",NA,NA,"Restructured Before Complaint","Capstar Broadcasting","Capstar Broadcasting","KATQ Radio","KATQ Radio",1998,"N/A","N/A",NA,NA,NA,"Asset Purchase","Acquisition of KATQ radio in TX",NA,NA,NA,NA,"Capstar%20Broadcasting","KATQ%20Radio"
"27","DOJ",1998,"N/A","N/A","N/A",NA,NA,"Restructured Before Complaint","Talleyrand Broadcasting","Talleyrand Broadcasting","Citadel Communications","Citadel Communications",1998,"N/A","N/A",NA,NA,NA,"Asset Purchase","Acquisition of radio stations in PA",NA,NA,NA,NA,"Talleyrand%20Broadcasting","Citadel%20Communications"
"28","DOJ",1997,"N/A","N/A","N/A",NA,NA,"Restructured Before Complaint","Gulfstar Communications","Gulfstar Communications","Demaree Media","Demaree Media",1997,"N/A","N/A",NA,NA,NA,"Asset Purchase","Acquisition of three radio stations in AR",NA,NA,NA,NA,"Gulfstar%20Communications","Demaree%20Media"
"29","DOJ",1997,"N/A","N/A","N/A",NA,NA,"Restructured Before Complaint","Pike Industries","Pike Industries","Frank W. Whitcomb Construction Company","Frank W. Whitcomb Construction Company",1997,"N/A","N/A",NA,NA,NA,"Asset Purchase","Acquisition of a quarry and two asphalt plants in NH",NA,NA,NA,NA,"Pike%20Industries","Frank%20W%20Whitcomb%20Construction%20Company"
"30","DOJ",1997,"N/A","N/A","N/A",NA,NA,"Restructured Before Complaint","Jacor Communications","Jacor Communications","Village Communications","Village Communications",1997,"N/A","N/A",NA,NA,NA,"Asset Purchase","Acquisition of radio assets",NA,NA,NA,NA,"Jacor%20Communications","Village%20Communications"
"31","DOJ",1991,"N/A","N/A","N/A",NA,NA,"Abandoned/Restructured Before Complaint","Caterpillar","Caterpillar","Astec Industries","Barber-Greene Company",1991,"N/A","N/A",NA,NA,NA,"Asset Purchase","Acquisition of paving equipment",NA,NA,NA,NA,"Caterpillar","Astec%20Industries"
"32","DOJ",1991,"N/A","N/A","N/A",NA,NA,"Abandoned/Restructured Before Complaint","Overseas Shipholding Group","Overseas Shipholding Group","American Trading and Production Corporation","U.S. Flag",1991,"N/A","N/A",NA,NA,NA,"Asset Purchase","Acquisition of 7 U.S. Flag tankers",NA,NA,NA,NA,"Overseas%20Shipholding%20Group","American%20Trading%20and%20Production%20Corporation"
"33","DOJ",1989,"N/A","N/A","N/A",NA,NA,"Abandoned/Restructured Before Complaint","USAir","USAir","Eastern Airlines","Eastern Airlines",1989,"N/A","N/A",NA,NA,NA,"Asset Purchase","Acquisition of gates at Philadelphia National Airport and route authority between Toronto and Philadelphia",NA,NA,NA,NA,"USAir","Eastern%20Airlines"
"34","DOJ",1985,"N/A","N/A","N/A",NA,NA,"Abandoned Before Complaint","Borden","Borden","Reichhold Chemicals","Reichhold Chemicals",1985,"N/A","N/A",NA,NA,NA,"Asset Purchase","Acquisition of resin plant in OR",NA,NA,NA,NA,"Borden","Reichhold%20Chemicals"
"35","DOJ",1983,"N/A","N/A","N/A",NA,NA,"Abandoned/Restructured Before Complaint","HRI;Dynaelectron Corporation;Air Products and Chemicals","HRI;Dynaelectron Corporation;Air Products and Chemicals","Signal Companies","Wheelabrator-Frye",1983,"N/A","N/A",NA,NA,NA,"Asset Purchase","Acquisition of certain patent, know-how and other rights of Wheelabrator-Frye to a joint venture of the acquirers",NA,NA,NA,NA,"HRI","Signal%20Companies"
"36","DOJ",1983,"N/A","N/A","N/A",NA,NA,"Abandoned/Restructured Before Complaint","National Amusements","National Amusements","General Cinema","General Cinema",1983,"N/A","N/A",NA,NA,NA,"Asset Purchase","Acquisition of four motion picture theaters",NA,NA,NA,NA,"National%20Amusements","General%20Cinema"
"37","DOJ",1982,"N/A","N/A","N/A",NA,NA,"Abandoned/Restructured Before Complaint","Amstar Corporation","American Sugar Division","National Sugar Refining Company","National Sugar Refining Company",1982,"N/A","N/A",NA,NA,NA,"Asset Purchase","Acquisition of ""Jack Frost"" trademark",NA,NA,NA,NA,"Amstar%20Corporation","National%20Sugar%20Refining%20Company"
"38","DOJ",1999,"N/A","N/A","N/A",NA,NA,"Restructured Before Complaint","Thomas E. and James D. Ingstad","Thomas E. and James D. Ingstad","MSB","MSB",1999,"N/A","N/A",NA,NA,NA,"Ingstads are people",NA,NA,NA,NA,NA,"Thomas%20E%20and%20James%20D%20Ingstad","MSB"
"39","DOJ",2009,"N/A","N/A","N/A",NA,NA,"Abandoned Before Complaint","Depository Trust & Clearing Corporation","Depository Trust & Clearing Corporation","Markit Group","Markit Group",2009,"N/A","N/A",NA,NA,NA,"Joint Venture",NA,NA,NA,NA,NA,"Depository%20Trust%20%20Clearing%20Corporation","Markit%20Group"
"40","DOJ",2007,"N/A","N/A","N/A",NA,NA,"Restructured Before Complaint","Smiths Group","Smiths Group","General Electric","General Electric",2007,"N/A","N/A",NA,NA,NA,"Joint Venture","Joint venture in detection and homeland security businesses",NA,NA,NA,NA,"Smiths%20Group","General%20Electric"
"41","DOJ",2000,"N/A","N/A","N/A",NA,NA,"Restructured Before Complaint","Bell Atlantic","Bell Atlantic","Vodafone AirTouch","Vodafone AirTouch",2000,"N/A","N/A",NA,NA,NA,"Joint Venture",NA,NA,NA,NA,NA,"Bell%20Atlantic","Vodafone%20AirTouch"
"42","DOJ",2000,"N/A","N/A","N/A",NA,NA,"Abandoned Before Complaint","Transportacion Maritima Mexicana","Transportacion Maritima Mexicana","Stolt-Nielsen","Stolt-Nielsen",2000,"N/A","N/A",NA,NA,NA,"Joint Venture",NA,NA,NA,NA,NA,"Transportacion%20Maritima%20Mexicana","StoltNielsen"
"43","DOJ",1995,"N/A","N/A","N/A",NA,NA,"Abandoned Before Complaint","Calmat Company","Calmat Company","Tucson Rock & Sand","Tucson Rock & Sand",1995,"N/A","N/A",NA,NA,NA,"Joint Venture",NA,NA,NA,NA,NA,"Calmat%20Company","Tucson%20Rock%20%20Sand"
"44","DOJ",1992,"N/A","N/A","N/A",NA,NA,"Restructured Before Complaint","Ingersoll Rand Company","Ingersoll Rand Company","Dresser Industries","Dresser Industries",1992,"N/A","N/A",NA,NA,NA,"Joint Venture","Combines worldwide pump manufacturing and sales operations of the two companies",NA,NA,NA,NA,"Ingersoll%20Rand%20Company","Dresser%20Industries"
"45","DOJ",1989,"N/A","N/A","N/A",NA,NA,"Abandoned/Restructured Before Complaint","AMR Corporation","AMR Corporation","Delta Airlines","Delta Airlines",1989,"N/A","N/A",NA,NA,NA,"Joint Venture","Computer Reservation Systems",NA,NA,NA,NA,"AMR%20Corporation","Delta%20Airlines"
"46","DOJ",1988,"N/A","N/A","N/A",NA,NA,"Abandoned Before Complaint","Engelhard Corporation","Engelhard Corporation","Rio Tinto-Zinc","Floridin Company",1988,"N/A","N/A",NA,NA,NA,"Joint Venture",NA,NA,NA,NA,NA,"Engelhard%20Corporation","Rio%20TintoZinc"
"47","DOJ",1988,"N/A","N/A","N/A",NA,NA,"Abandoned Before Complaint","Ivaco","Ivaco","Jackson Jordan","Jackson Jordan",1988,"N/A","N/A",NA,NA,NA,"Joint Venture",NA,NA,NA,NA,NA,"Ivaco","Jackson%20Jordan"
"48","DOJ",1983,"N/A","N/A","N/A",NA,NA,"Abandoned/Restructured Before Complaint","American Express Company","American Express Company","Paramount Pictures;Universal City Studios;Viacom International;Warner Bros.;Warner Communications","Paramount Pictures;Universal City Studios;Viacom International;Warner Bros.;Warner Communications",1983,"N/A","N/A",NA,NA,NA,"Joint Venture","JV to own and operate Showtime and The Movie Channel",NA,NA,NA,NA,"American%20Express%20Company","Paramount%20Pictures"
"49","DOJ",2011,"N/A","N/A","N/A",NA,NA,"Restructured Before Complaint","Berkshire Hills Bancorp","Berkshire Hills Bancorp","Legacy Bancorp","Legacy Bancorp",2011,"N/A","N/A","108",NA,NA,"Merger",NA,NA,NA,NA,NA,"Berkshire%20Hills%20Bancorp","Legacy%20Bancorp"
"50","DOJ",2010,"N/A","N/A","N/A",NA,NA,"Restructured Before Complaint","Continental Airlines","Continental Airlines","United Airlines","United Airlines",2010,"N/A","N/A","3000",NA,NA,"Merger","Merger involving takeoff and landing rights at Newark Liberty Airport",NA,NA,NA,NA,"Continental%20Airlines","United%20Airlines"
"51","DOJ",2007,"N/A","N/A","N/A",NA,NA,"Restructured Before Complaint","AmSouth Bancorporation","AmSouth Bancorporation","Regions Financial Corporation","Regions Financial Corporation",2007,"N/A","N/A",NA,NA,NA,"Merger",NA,NA,NA,NA,NA,"AmSouth%20Bancorporation","Regions%20Financial%20Corporation"
"52","DOJ",2007,"N/A","N/A","N/A",NA,NA,"Restructured Before Complaint","Main Street Trust","Main Street Trust","First Busey Corporation","First Busey Corporation",2007,"N/A","N/A",NA,NA,NA,"Merger",NA,NA,NA,NA,NA,"Main%20Street%20Trust","First%20Busey%20Corporation"
"53","DOJ",2002,"N/A","N/A","N/A",NA,NA,"Restructured Before Complaint","Wells Fargo","Wells Fargo","Texas Financial Bancorporation","Texas Financial Bancorporation",2002,"N/A","N/A",NA,NA,NA,"Merger","Includes acquisition of subsidiaries of Marquette Bancshares",NA,NA,NA,NA,"Wells%20Fargo","Texas%20Financial%20Bancorporation"
"54","DOJ",2002,"N/A","N/A","N/A",NA,NA,"Restructured Before Complaint","Suiza Foods Corporation","Suiza Foods Corporation","Dean Foods","Dean Foods",2002,"N/A","N/A",NA,NA,NA,"Merger",NA,NA,NA,NA,NA,"Suiza%20Foods%20Corporation","Dean%20Foods"
"55","DOJ",2001,"N/A","N/A","N/A",NA,NA,"Restructured Before Complaint","Wells Fargo","Wells Fargo","Brenton Banks","Brenton Banks",2001,"N/A","N/A",NA,NA,NA,"Merger",NA,NA,NA,NA,NA,"Wells%20Fargo","Brenton%20Banks"
"56","DOJ",2001,"N/A","N/A","N/A",NA,NA,"Restructured Before Complaint","Firstar Corporation","Firstar Corporation","U.S. Bancorp","U.S. Bancorp",2001,"N/A","N/A",NA,NA,NA,"Merger",NA,NA,NA,NA,NA,"Firstar%20Corporation","US%20Bancorp"
"57","DOJ",2001,"N/A","N/A","N/A",NA,NA,"Restructured Before Complaint","Fifth Third Bancorp","Fifth Third Bancorp","Old Kent Financial Corporation","Old Kent Financial Corporation",2001,"N/A","N/A",NA,NA,NA,"Merger",NA,NA,NA,NA,NA,"Fifth%20Third%20Bancorp","Old%20Kent%20Financial%20Corporation"
"58","DOJ",2000,"N/A","N/A","N/A",NA,NA,"Restructured Before Complaint","Centura Banks","Centura Banks","Triangle Bancorp","Triangle Bancorp",2000,"N/A","N/A",NA,NA,NA,"Merger",NA,NA,NA,NA,NA,"Centura%20Banks","Triangle%20Bancorp"
"59","DOJ",2000,"N/A","N/A","N/A",NA,NA,"Restructured Before Complaint","Old National Bank","Old National Bank","Permanent Bank","Permanent Bank",2000,"N/A","N/A",NA,NA,NA,"Merger",NA,NA,NA,NA,NA,"Old%20National%20Bank","Permanent%20Bank"
"60","DOJ",2000,"N/A","N/A","N/A",NA,NA,"Restructured Before Complaint","NBT Bancorp","NBT Bancorp","BSB Bancorp","BSB Bancorp",2000,"N/A","N/A",NA,NA,NA,"Merger",NA,NA,NA,NA,NA,"NBT%20Bancorp","BSB%20Bancorp"
"61","DOJ",2000,"N/A","N/A","N/A",NA,NA,"Restructured Before Complaint","Burlington Northern Santa Fe","Burlington Northern Santa Fe","Canadian National Railway","Canadian National Railway",2000,"N/A","N/A",NA,NA,NA,"Merger",NA,NA,NA,NA,NA,"Burlington%20Northern%20Santa%20Fe","Canadian%20National%20Railway"
"62","DOJ",2000,"N/A","N/A","N/A",NA,NA,"Abandoned Before Complaint","Tri-State Generation and Transmission Association","Tri-State Generation and Transmission Association","Public Service Company of New Mexico","Public Service Company of New Mexico",2000,"N/A","N/A",NA,NA,NA,"Merger",NA,NA,NA,NA,NA,"TriState%20Generation%20and%20Transmission%20Association","Public%20Service%20Company%20of%20New%20Mexico"
"63","DOJ",2000,"N/A","N/A","N/A",NA,NA,"Abandoned Before Complaint","Alcan Aluminum","Alcan Aluminum","Pechiney;ALGROUP","Pechiney;ALGROUP",2000,"N/A","N/A",NA,NA,NA,"Merger",NA,NA,NA,NA,NA,"Alcan%20Aluminum","Pechiney"
"64","DOJ",1999,"N/A","N/A","N/A",NA,NA,"Restructured Before Complaint","U.S. Bancorp","U.S. Bancorp","Northwest Bancshares","Northwest Bancshares",1999,"N/A","N/A",NA,NA,NA,"Merger",NA,NA,NA,NA,NA,"US%20Bancorp","Northwest%20Bancshares"
"65","DOJ",1999,"N/A","N/A","N/A",NA,NA,"Restructured Before Complaint","Norwest Corporation","Norwest Corporation","Wells Fargo","Wells Fargo",1999,"N/A","N/A",NA,NA,NA,"Merger",NA,NA,NA,NA,NA,"Norwest%20Corporation","Wells%20Fargo"
"66","DOJ",1999,"N/A","N/A","N/A",NA,NA,"Restructured Before Complaint","Chittenden Corporation","Chittenden Corporation","Vermont Financial Services Corporation","Vermont Financial Services Corporation",1999,"N/A","N/A",NA,NA,NA,"Merger",NA,NA,NA,NA,NA,"Chittenden%20Corporation","Vermont%20Financial%20Services%20Corporation"
"67","DOJ",1999,"N/A","N/A","N/A",NA,NA,"Restructured Before Complaint","Consolidated Edison","Consolidated Edison","Orange & Rockland Utilities","Orange & Rockland Utilities",1999,"N/A","N/A",NA,NA,NA,"Merger",NA,NA,NA,NA,NA,"Consolidated%20Edison","Orange%20%20Rockland%20Utilities"
"68","DOJ",1999,"N/A","N/A","N/A",NA,NA,"Restructured Before Complaint","Fleet Financial Group","Fleet Financial Group","Bank Boston Corporation","Bank Boston Corporation",1999,"N/A","N/A",NA,NA,NA,"Merger",NA,NA,NA,NA,NA,"Fleet%20Financial%20Group","Bank%20Boston%20Corporation"
"69","DOJ",1999,"N/A","N/A","N/A",NA,NA,"Abandoned Before Complaint","Southeast Missouri Hospital","Southeast Missouri Hospital","St. Francis Memorial Hospital","St. Francis Memorial Hospital",1999,"N/A","N/A",NA,NA,NA,"Merger",NA,NA,NA,NA,NA,"Southeast%20Missouri%20Hospital","St%20Francis%20Memorial%20Hospital"
"70","DOJ",1999,"N/A","N/A","N/A",NA,NA,"Restructured Before Complaint","Wachovia Corporation","Wachovia Corporation","Central Fidelity Banks","Central Fidelity Banks",1999,"N/A","N/A",NA,NA,NA,"Merger",NA,NA,NA,NA,NA,"Wachovia%20Corporation","Central%20Fidelity%20Banks"
"71","DOJ",1998,"N/A","N/A","N/A",NA,NA,"Restructured Before Complaint","American Information Systems","American Information Systems","Business Records Corporation","Business Records Corporation",1998,"N/A","N/A",NA,NA,NA,"Merger",NA,NA,NA,NA,NA,"American%20Information%20Systems","Business%20Records%20Corporation"
"72","DOJ",1998,"N/A","N/A","N/A",NA,NA,"Restructured Before Complaint","FirstUnion Corporation","FirstUnion Corporation","CoreStates Financial Corporation","CoreStates Financial Corporation",1998,"N/A","N/A",NA,NA,NA,"Merger",NA,NA,NA,NA,NA,"FirstUnion%20Corporation","CoreStates%20Financial%20Corporation"
"73","DOJ",1998,"N/A","N/A","N/A",NA,NA,"Restructured Before Complaint","First Commerce Corporation","First Commerce Corporation","BancOne Corporation","BancOne Corporation",1998,"N/A","N/A",NA,NA,NA,"Merger",NA,NA,NA,NA,NA,"First%20Commerce%20Corporation","BancOne%20Corporation"
"74","DOJ",1998,"N/A","N/A","N/A",NA,NA,"Restructured Before Complaint","NationsBank Corporation","NationsBank Corporation","BankAmerica Corporation","BankAmerica Corporation",1998,"N/A","N/A",NA,NA,NA,"Merger",NA,NA,NA,NA,NA,"NationsBank%20Corporation","BankAmerica%20Corporation"
"75","DOJ",1998,"N/A","N/A","N/A",NA,NA,"Restructured Before Complaint","BancOne Corporation","BancOne Corporation","First Chicago NBD","First Chicago NBD",1998,"N/A","N/A",NA,NA,NA,"Merger",NA,NA,NA,NA,NA,"BancOne%20Corporation","First%20Chicago%20NBD"
"76","DOJ",1998,"N/A","N/A","N/A",NA,NA,"Restructured Before Complaint","KPMG Peat Marwick","KPMG Peat Marwick","Ernst & Young","Ernst & Young",1998,"N/A","N/A",NA,NA,NA,"Merger",NA,NA,NA,NA,NA,"KPMG%20Peat%20Marwick","Ernst%20%20Young"
"77","DOJ",1998,"N/A","N/A","N/A",NA,NA,"Abandoned Before Complaint","Cape Fear Broadcasting","Cape Fear Broadcasting","Sea Communications","Sea Communications",1998,"N/A","N/A",NA,NA,NA,"Merger",NA,NA,NA,NA,NA,"Cape%20Fear%20Broadcasting","Sea%20Communications"
"78","DOJ",1997,"N/A","N/A","N/A",NA,NA,"Restructured Before Complaint","First Virginia Banks","First Virginia Banks","Premier Bankshares Corporation","Premier Bankshares Corporation",1997,"N/A","N/A",NA,NA,NA,"Merger",NA,NA,NA,NA,NA,"First%20Virginia%20Banks","Premier%20Bankshares%20Corporation"
"79","DOJ",1997,"N/A","N/A","N/A",NA,NA,"Restructured Before Complaint","Southern National Corporation","Southern National Corporation","United Carolina Bancshares","United Carolina Bancshares",1997,"N/A","N/A",NA,NA,NA,"Merger",NA,NA,NA,NA,NA,"Southern%20National%20Corporation","United%20Carolina%20Bancshares"
"80","DOJ",1997,"N/A","N/A","N/A",NA,NA,"Abandoned Before Complaint","United Security Bank","United Security Bank","First Bank and Trust","First Bank and Trust",1997,"N/A","N/A",NA,NA,NA,"Merger",NA,NA,NA,NA,NA,"United%20Security%20Bank","First%20Bank%20and%20Trust"
"81","DOJ",1997,"N/A","N/A","N/A",NA,NA,"Abandoned Before Complaint","Northern States Power Company","Northern States Power Company","Wisconsin Energy Company","Wisconsin Energy Company",1997,"N/A","N/A",NA,NA,NA,"Merger",NA,NA,NA,NA,NA,"Northern%20States%20Power%20Company","Wisconsin%20Energy%20Company"
"82","DOJ",1997,"N/A","N/A","N/A",NA,NA,"Abandoned Before Complaint","First Bank of Grants","First Bank of Grants","Grants State Bank","Grants State Bank",1997,"N/A","N/A",NA,NA,NA,"Merger",NA,NA,NA,NA,NA,"First%20Bank%20of%20Grants","Grants%20State%20Bank"
"83","DOJ",1996,"N/A","N/A","N/A",NA,NA,"Restructured Before Complaint","US Bancorp","US Bancorp","West One Bancorp","West One Bancorp",1996,"N/A","N/A",NA,NA,NA,"Merger",NA,NA,NA,NA,NA,"US%20Bancorp","West%20One%20Bancorp"
"84","DOJ",1996,"N/A","N/A","N/A",NA,NA,"Restructured Before Complaint","Wells Fargo","Wells Fargo","First Interstate Bank","First Interstate Bank",1996,"N/A","N/A",NA,NA,NA,"Merger",NA,NA,NA,NA,NA,"Wells%20Fargo","First%20Interstate%20Bank"
"85","DOJ",1996,"N/A","N/A","N/A",NA,NA,"Restructured Before Complaint","Bank of Boston","Bank of Boston","BayBanks","BayBanks",1996,"N/A","N/A",NA,NA,NA,"Merger",NA,NA,NA,NA,NA,"Bank%20of%20Boston","BayBanks"
"86","DOJ",1996,"N/A","N/A","N/A",NA,NA,"Restructured Before Complaint","Monsanto","Monsanto","Calgene","Calgene",1996,"N/A","N/A",NA,NA,NA,"Merger",NA,NA,NA,NA,NA,"Monsanto","Calgene"
"87","DOJ",1996,"N/A","N/A","N/A",NA,NA,"STB Litigation Approved Merger","Union Pacific Corporation","Union Pacific Corporation","Sourthern Pacific Rail Corporation","Sourthern Pacific Rail Corporation",1996,"N/A","N/A","5400",NA,NA,"Merger",NA,NA,NA,NA,NA,"Union%20Pacific%20Corporation","Sourthern%20Pacific%20Rail%20Corporation"
"88","DOJ",1995,"N/A","N/A","N/A",NA,NA,"Restructured Before Complaint","McDermott International","McDermott International","Offshore Pipelines","Offshore Pipelines",1995,"N/A","N/A",NA,NA,NA,"Merger",NA,NA,NA,NA,NA,"McDermott%20International","Offshore%20Pipelines"
"89","DOJ",1995,"N/A","N/A","N/A",NA,NA,"Restructured Before Complaint","Hibernia National Bank","Hibernia National Bank","Pioneer Bank and Trust Company","Pioneer Bank and Trust Company",1995,"N/A","N/A",NA,NA,NA,"Merger",NA,NA,NA,NA,NA,"Hibernia%20National%20Bank","Pioneer%20Bank%20and%20Trust%20Company"
"90","DOJ",1993,"N/A","N/A","N/A",NA,NA,"Restructured Before Complaint","First Bank System","First Bank System","Bank Shares","Bank Shares",1993,"N/A","N/A",NA,NA,NA,"Merger",NA,NA,NA,NA,NA,"First%20Bank%20System","Bank%20Shares"
"91","DOJ",1992,"N/A","N/A","N/A",NA,NA,"Restructured Before Complaint","SABH","SABH","Mor-Flo Industries","Mor-Flo Industries",1992,"N/A","N/A",NA,NA,NA,"Merger",NA,NA,NA,NA,NA,"SABH","MorFlo%20Industries"
"92","DOJ",1987,"N/A","N/A","N/A",NA,NA,"Abandoned Before Complaint","Surgical Associates of Western Connecticut","Surgical Associates of Western Connecticut","Danbury Sugical Associates","Danbury Sugical Associates",1987,"N/A","N/A",NA,NA,NA,"Merger",NA,NA,NA,NA,NA,"Surgical%20Associates%20of%20Western%20Connecticut","Danbury%20Sugical%20Associates"
"93","DOJ",1987,"N/A","N/A","N/A",NA,NA,"Restructured Before Complaint","American Brands","American Brands","Acco World Corporation","Acco World Corporation",1987,"N/A","N/A",NA,NA,NA,"Merger",NA,NA,NA,NA,NA,"American%20Brands","Acco%20World%20Corporation"
"94","DOJ",1997,"N/A","N/A","N/A",NA,NA,"Restructured Before Complaint","British Telecommunications","British Telecommunications","MCI Communications","MCI Communications",1997,"N/A","N/A",NA,NA,NA,"Modification of Settlement","Modification and extension of previous BT/MCI settlement",NA,NA,NA,NA,"British%20Telecommunications","MCI%20Communications"
"95","DOJ",2000,"N/A","N/A","N/A",NA,NA,"Abandoned Before Complaint","Healtheon/WebMD","Healtheon/WebMD","IDX Systems;ChannelHealth","IDX Systems;ChannelHealth",2000,"N/A","N/A",NA,NA,NA,"Strategic Agreements","Electronic data interchange, physician practice management systems, internet portals for healthcare",NA,NA,NA,NA,"HealtheonWebMD","IDX%20Systems"
"96","DOJ",2015,"N/A","N/A","N/A",NA,NA,"Abandoned Before Complaint","Inversiones Angelini y Compania Limitada","Inversiones Angelini y Compania Limitada","SierraPine","SierraPine",2015,"N/A","N/A",NA,NA,NA,"Acquisition",NA,NA,NA,NA,NA,"Inversiones%20Angelini%20y%20Compania%20Limitada","SierraPine"
"97","DOJ",2015,"N/A","N/A","N/A",NA,NA,"Abandoned Before Complaint","Simmons First National Corporation","Simmons First National Corporation","Delta Trust & Banking Corporation","Delta Trust & Banking Corporation",2015,"N/A","N/A",NA,NA,NA,"Acquisition",NA,NA,NA,NA,NA,"Simmons%20First%20National%20Corporation","Delta%20Trust%20%20Banking%20Corporation"
"98","DOJ",2015,"N/A","N/A","N/A",NA,NA,"Abandoned Before Complaint","Embarcadero Technologies","Embarcadero Technologies","CA Inc.","CA Inc.",2015,"N/A","N/A",NA,NA,NA,"Acquisition",NA,NA,NA,NA,NA,"Embarcadero%20Technologies","CA%20Inc"
"99","DOJ",2015,"N/A","N/A","N/A",NA,NA,"Abandoned Before Complaint","Mission Broadcasting","Mission Broadcasting","Stainless Broadcasting","Stainless Broadcasting",2015,"N/A","N/A",NA,NA,NA,"Acquisition",NA,NA,NA,NA,NA,"Mission%20Broadcasting","Stainless%20Broadcasting"
"100","DOJ",2015,"N/A","N/A","N/A",NA,NA,"Abandoned Before Complaint","Comcast","Comcast","Time Warner Cable","Time Warner Cable",2015,"N/A","N/A",NA,NA,NA,"Acquisition",NA,NA,NA,NA,NA,"Comcast","Time%20Warner%20Cable"
"101","DOJ",2015,"N/A","N/A","N/A",NA,NA,"Abandoned Before Complaint","Applied Materials","Applied Materials","Tokyo Electron","Tokyo Electron",2015,"N/A","N/A",NA,NA,NA,"Acquisition",NA,NA,NA,NA,NA,"Applied%20Materials","Tokyo%20Electron"
"102","DOJ",2015,"N/A","N/A","N/A",NA,NA,"Abandoned Before Complaint","Partners Healthcare System","Partners Healthcare System","South Shore Hospital","South Shore Hospital",2015,"N/A","N/A",NA,NA,NA,"Acquisition",NA,NA,NA,NA,NA,"Partners%20Healthcare%20System","South%20Shore%20Hospital"
"103","DOJ",2015,"N/A","N/A","N/A",NA,NA,"Abandoned Before Complaint","Pacific Coast Producers","Pacific Coast Producers","Seneca Foods Corporation","Seneca Foods Corporation",2015,"N/A","N/A",NA,NA,NA,"Acquisition",NA,NA,NA,NA,NA,"Pacific%20Coast%20Producers","Seneca%20Foods%20Corporation"
"104","DOJ",2015,"N/A","N/A","N/A",NA,NA,"Restructured Before Complaint","BB&T Corporation","BB&T Corporation","Susquehanna Bancshares","Susquehanna Bancshares",2015,"N/A","N/A",NA,NA,NA,"Acquisition",NA,NA,NA,NA,NA,"BBT%20Corporation","Susquehanna%20Bancshares"
"105","DOJ",2014,"N/A","N/A","N/A",NA,NA,"Abandoned Before Complaint","Dean Foods","Dean Foods","Oakhurst Dairy","Oakhurst Dairy",2014,"N/A","N/A",NA,NA,NA,"Acquisition",NA,NA,NA,NA,NA,"Dean%20Foods","Oakhurst%20Dairy"
"106","DOJ",2014,"N/A","N/A","N/A",NA,NA,"Abandoned Before Complaint","Rockwell Collins","Rockwell Collins","Carlyle Group","ARINC Inc.",2014,"N/A","N/A",NA,NA,NA,"Acquisition",NA,NA,NA,NA,NA,"Rockwell%20Collins","Carlyle%20Group"
"107","DOJ",2014,"N/A","N/A","N/A",NA,NA,"Restructured Before Complaint","Huntington Bancshares","Huntington Bancshares","Camco Financial","Camco Financial",2014,"N/A","N/A",NA,NA,NA,"Acquisition",NA,NA,NA,NA,NA,"Huntington%20Bancshares","Camco%20Financial"
"108","DOJ",2014,"N/A","N/A","N/A",NA,NA,"Restructured Before Complaint","Louisiana-Pacific Corporation","Louisiana-Pacific Corporation","Ainsworth Lumber","Ainsworth Lumber",2014,"N/A","N/A",NA,NA,NA,"Acquisition",NA,NA,NA,NA,NA,"LouisianaPacific%20Corporation","Ainsworth%20Lumber"
"109","DOJ",2014,"N/A","N/A","N/A",NA,NA,"Restructured Before Complaint","Umpqua Holdings","Umpqua Holdings","Sterling Financial Corporation","Sterling Financial Corporation",2014,"N/A","N/A",NA,NA,NA,"Acquisition",NA,NA,NA,NA,NA,"Umpqua%20Holdings","Sterling%20Financial%20Corporation"
"110","DOJ",2014,"N/A","N/A","N/A",NA,NA,"Restructured Before Complaint","Sprint Corporation","Sprint Corporation","T-Mobile","T-Mobile",2014,"N/A","N/A",NA,NA,NA,"Acquisition",NA,NA,NA,NA,NA,"Sprint%20Corporation","TMobile"
"111","DOJ",2013,"N/A","N/A","N/A",NA,NA,"Abandoned Before Complaint","WellPoint","WellPoint","AmeriGroup","AmeriGroup",2013,"N/A","N/A",NA,NA,NA,"Acquisition",NA,NA,NA,NA,NA,"WellPoint","AmeriGroup"
"112","DOJ",2013,"N/A","N/A","N/A",NA,NA,"Abandoned Before Complaint","EnviroSolutions Holdings","EnviroSolutions Holdings","Environmental Alternatives","Environmental Alternatives",2013,"N/A","N/A",NA,NA,NA,"Acquisition",NA,NA,NA,NA,NA,"EnviroSolutions%20Holdings","Environmental%20Alternatives"
"113","DOJ",2013,"N/A","N/A","N/A",NA,NA,"Restructured Before Complaint","Entergy","Entergy","Acadia Power Partners","Acadia Energy Center Block II",2013,"N/A","N/A",NA,NA,NA,"Acquisition",NA,NA,NA,NA,NA,"Entergy","Acadia%20Power%20Partners"
"114","DOJ",2013,"N/A","N/A","N/A",NA,NA,"Restructured Before Complaint","Aetna","Aetna","Coventry Health Care","Coventry Health Care",2013,"N/A","N/A",NA,NA,NA,"Acquisition",NA,NA,NA,NA,NA,"Aetna","Coventry%20Health%20Care"
"115","DOJ",2013,"N/A","N/A","N/A",NA,NA,"Restructured Before Complaint","Partners Healthcare System","Partners Healthcare System","Cooley Dickinson Hospital","Cooley Dickinson Hospital",2013,"N/A","N/A",NA,NA,NA,"Acquisition",NA,NA,NA,NA,NA,"Partners%20Healthcare%20System","Cooley%20Dickinson%20Hospital"
"116","DOJ",2013,"N/A","N/A","N/A",NA,NA,"Restructured Before Complaint","Midcontinent Communications","Midcontinent Communications","WideOpenWest","Knology",2013,"N/A","N/A",NA,NA,NA,"Acquisition","Acquisition of Knology business centered in Sioux Falls, SD",NA,NA,NA,NA,"Midcontinent%20Communications","WideOpenWest"
"117","DOJ",2013,"N/A","N/A","N/A",NA,NA,"Restructured Before Complaint","BAE Systems","BAE Systems","American Maritime Holdings","MHI Ship & Repair Services",2013,"N/A","N/A",NA,NA,NA,"Acquisition",NA,NA,NA,NA,NA,"BAE%20Systems","American%20Maritime%20Holdings"
"118","DOJ",2012,"N/A","N/A","N/A",NA,NA,"Abandoned Before Complaint","3M","3M","Avery Dennison","Office and Consumer Products Group",2012,"N/A","N/A","550",NA,NA,"Acquisition",NA,NA,NA,NA,NA,"3M","Avery%20Dennison"
"119","DOJ",2012,"N/A","N/A","N/A",NA,NA,"Abandoned Before Complaint","Live Nation","Live Nation","Veritix","Veritix",2012,"N/A","N/A",NA,NA,NA,"Acquisition",NA,NA,NA,NA,NA,"Live%20Nation","Veritix"
"120","DOJ",2012,"N/A","N/A","N/A",NA,NA,"Abandoned Before Complaint","Revere Copper Products","Revere Copper Products","Hussey Copper","Hussey Copper",2012,"N/A","N/A",NA,NA,NA,"Acquisition",NA,NA,NA,NA,NA,"Revere%20Copper%20Products","Hussey%20Copper"
"121","DOJ",2012,"N/A","N/A","N/A",NA,NA,"Abandoned Before Complaint","Old Castle Materials","Old Castle Materials","Stavola Holding Corporation","Stavola Holding Corporation",2012,"N/A","N/A",NA,NA,NA,"Acquisition",NA,NA,NA,NA,NA,"Old%20Castle%20Materials","Stavola%20Holding%20Corporation"
"122","DOJ",2012,"N/A","N/A","N/A",NA,NA,"Abandoned Before Complaint","Crowley Maritime Corporation","Crowley Maritime Corporation","Trailer Bridge","Trailer Bridge",2012,"N/A","N/A",NA,NA,NA,"Acquisition",NA,NA,NA,NA,NA,"Crowley%20Maritime%20Corporation","Trailer%20Bridge"
"123","DOJ",2012,"N/A","N/A","N/A",NA,NA,"Abandoned Before Complaint","Reddy Ice Holdings","Reddy Ice Holdings","Arctic Glacier","Arctic Glacier",2012,"N/A","N/A",NA,NA,NA,"Acquisition",NA,NA,NA,NA,NA,"Reddy%20Ice%20Holdings","Arctic%20Glacier"
"124","DOJ",2012,"N/A","N/A","N/A",NA,NA,"Restructured Before Complaint","First Niagara Bank","First Niagara Bank","HSBC Bank","HSBC Bank",2012,"N/A","N/A","1000",NA,NA,"Acquisition",NA,NA,NA,NA,NA,"First%20Niagara%20Bank","HSBC%20Bank"
"125","DOJ",2012,"N/A","N/A","N/A",NA,NA,"Restructured Before Complaint","Google","Google","Motorola","Motorola",2012,"N/A","N/A","12500",NA,NA,"Acquisition",NA,NA,NA,NA,NA,"Google","Motorola"
"126","DOJ",2012,"N/A","N/A","N/A",NA,NA,"Restructured Before Complaint","Apple;Microsoft;Research in Motion","Apple;Microsoft;Research in Motion","Nortel Networks Corporation","Nortel Networks Corporation",2012,"N/A","N/A","4500",NA,NA,"Acquisition",NA,NA,NA,NA,NA,"Apple","Nortel%20Networks%20Corporation"
"127","DOJ",2012,"N/A","N/A","N/A",NA,NA,"Restructured Before Complaint","National Express Corporation","National Express Corporation","Petermann Partners","Petermann Partners",2012,"N/A","N/A","200",NA,NA,"Acquisition",NA,NA,NA,NA,NA,"National%20Express%20Corporation","Petermann%20Partners"
"128","DOJ",2011,"N/A","N/A","N/A",NA,NA,"Abandoned Before Complaint","Kronos","Kronos","API Healthcare","API Healthcare",2011,"N/A","N/A",NA,NA,NA,"Acquisition",NA,NA,NA,NA,NA,"Kronos","API%20Healthcare"
"129","DOJ",2011,"N/A","N/A","N/A",NA,NA,"Abandoned Before Complaint","Level 3 Communications","Level 3 Communications","Global Crossing Limited","Global Crossing Limited",2011,"N/A","N/A","3000",NA,NA,"Acquisition",NA,NA,NA,NA,NA,"Level%203%20Communications","Global%20Crossing%20Limited"
"130","DOJ",2011,"N/A","N/A","N/A",NA,NA,"Restructured Before Complaint","Hancock Holding Company","Hancock Holding Company","Whitney Holding Corporation","Whitney Holding Corporation",2011,"N/A","N/A",NA,NA,NA,"Acquisition",NA,NA,NA,NA,NA,"Hancock%20Holding%20Company","Whitney%20Holding%20Corporation"
"131","DOJ",2011,"N/A","N/A","N/A",NA,NA,"Restructured Before Complaint","NASDAQ OMX Group","NASDAQ OMX Group","NYSE Euronext","NYSE Euronext",2011,"N/A","N/A","11500",NA,NA,"Acquisition",NA,NA,NA,NA,NA,"NASDAQ%20OMX%20Group","NYSE%20Euronext"
"132","DOJ",2011,"N/A","N/A","N/A",NA,NA,"Restructured Before Complaint","GXS Worldwide","GXS Worldwide","Inovis","Inovis",2011,"N/A","N/A",NA,NA,NA,"Acquisition",NA,NA,NA,NA,NA,"GXS%20Worldwide","Inovis"
"133","DOJ",2010,"N/A","N/A","N/A",NA,NA,"Abandoned Before Complaint","Blue Cross Blue Shield of Michigan","Blue Cross Blue Shield of Michigan","Physicians Health Plan of Mid-Michigan","Physicians Health Plan of Mid-Michigan",2010,"N/A","N/A",NA,NA,NA,"Acquisition",NA,NA,NA,NA,NA,"Blue%20Cross%20Blue%20Shield%20of%20Michigan","Physicians%20Health%20Plan%20of%20MidMichigan"
"134","DOJ",2010,"N/A","N/A","N/A",NA,NA,"Abandoned Before Complaint","New Rave","New Rave","National Amusements","National Amusements",2010,"N/A","N/A",NA,NA,NA,"Acquisition",NA,NA,NA,NA,NA,"New%20Rave","National%20Amusements"
"135","DOJ",2010,"N/A","N/A","N/A",NA,NA,"Abandoned Before Complaint","Morgan Stanley Infrastructure Partners;Veolia North America Holdings","Morgan Stanley Infrastructure Partners;Veolia North America Holdings","NSTAR Corporation","Thermal distribution system",2010,"N/A","N/A",NA,NA,NA,"Acquisition","Acquisition of NSTAR's Thermal Distribution System",NA,NA,NA,NA,"Morgan%20Stanley%20Infrastructure%20Partners","NSTAR%20Corporation"
"136","DOJ",2010,"N/A","N/A","N/A",NA,NA,"Abandoned Before Complaint","Nuance Communications","Nuance Communications","Spheris Holdings","Spheris Holdings",2010,"N/A","N/A",NA,NA,NA,"Acquisition",NA,NA,NA,NA,NA,"Nuance%20Communications","Spheris%20Holdings"
"137","DOJ",2010,"N/A","N/A","N/A",NA,NA,"Restructured Before Complaint","Hostess Brands","Hostess Brands","Lewis Brothers Bakeries","Butternut",2010,"N/A","N/A",NA,NA,NA,"Acquisition",NA,NA,NA,NA,NA,"Hostess%20Brands","Lewis%20Brothers%20Bakeries"
"138","DOJ",2010,"N/A","N/A","N/A",NA,NA,"Restructured Before Complaint","Comtech Telecommunications","Comtech Telecommunications","CPI International","CPI International",2010,"N/A","N/A",NA,NA,NA,"Acquisition",NA,NA,NA,NA,NA,"Comtech%20Telecommunications","CPI%20International"
"139","DOJ",2009,"N/A","N/A","N/A",NA,NA,"Abandoned Before Complaint","Exelon","Exelon","NRG Energy","NRG Energy",2009,"N/A","N/A",NA,NA,NA,"Acquisition",NA,NA,NA,NA,NA,"Exelon","NRG%20Energy"
"140","DOJ",2009,"N/A","N/A","N/A",NA,NA,"Abandoned Before Complaint","Nuance Communications","Nuance Communications","Multimodal Technologies","Multimodal Technologies",2009,"N/A","N/A",NA,NA,NA,"Acquisition",NA,NA,NA,NA,NA,"Nuance%20Communications","Multimodal%20Technologies"
"141","DOJ",2009,"N/A","N/A","N/A",NA,NA,"Restructured Before Complaint","PNC Financial Services","PNC Financial Services","National City Corporation","National City Corporation",2009,"N/A","N/A","5080",NA,NA,"Acquisition",NA,NA,NA,NA,NA,"PNC%20Financial%20Services","National%20City%20Corporation"
"142","DOJ",2008,"N/A","N/A","N/A",NA,NA,"Restructured Before Complaint","CME Group","CME Group","Nymex Holdings","Nymex Holdings",2008,"N/A","N/A",NA,NA,NA,"Acquisition",NA,NA,NA,NA,NA,"CME%20Group","Nymex%20Holdings"
"143","DOJ",2007,"N/A","N/A","N/A",NA,NA,"Restructured Before Complaint","FirstGroup","FirstGroup","Laidlaw International","Laidlaw International",2007,"N/A","N/A",NA,NA,NA,"Acquisition",NA,NA,NA,NA,NA,"FirstGroup","Laidlaw%20International"
"144","DOJ",2007,"N/A","N/A","N/A",NA,NA,"Restructured Before Complaint","Banco Bilbao Vizcaya Argentaria","Banco Bilbao Vizcaya Argentaria","Texas Regional Bancshares","Texas Regional Bancshares",2007,"N/A","N/A",NA,NA,NA,"Acquisition",NA,NA,NA,NA,NA,"Banco%20Bilbao%20Vizcaya%20Argentaria","Texas%20Regional%20Bancshares"
"145","DOJ",2007,"N/A","N/A","N/A",NA,NA,"Abandoned Before Complaint","Maruha Group","Maruha Group","Nichiro Corporation","Nichiro Corporation",2007,"N/A","N/A",NA,NA,NA,"Acquisition",NA,NA,NA,NA,NA,"Maruha%20Group","Nichiro%20Corporation"
"146","DOJ",2006,"N/A","N/A","N/A",NA,NA,"Restructured Before Complaint","American Steamship Company","GATX Corporation","Oglebay Norton Company","Oglebay Norton Company",2006,"N/A","N/A",NA,NA,NA,"Acquisition",NA,NA,NA,NA,NA,"American%20Steamship%20Company","Oglebay%20Norton%20Company"
"147","DOJ",2006,"N/A","N/A","N/A",NA,NA,"Restructured Before Complaint","General Dynamic","General Dynamic","Anteon International Corporation","Anteon International Corporation",2006,"N/A","N/A",NA,NA,NA,"Acquisition",NA,NA,NA,NA,NA,"General%20Dynamic","Anteon%20International%20Corporation"
"148","DOJ",2006,"N/A","N/A","N/A",NA,NA,"Restructured Before Complaint","Raycom Media","Raycom Media","Liberty Corporation","Liberty Corporation",2006,"N/A","N/A",NA,NA,NA,"Acquisition",NA,NA,NA,NA,NA,"Raycom%20Media","Liberty%20Corporation"
"149","DOJ",2006,"N/A","N/A","N/A",NA,NA,"Restructured Before Complaint","Glacier Bancorp","Glacier Bancorp","First Citizens Development","First Citizens Development",2006,"N/A","N/A",NA,NA,NA,"Acquisition",NA,NA,NA,NA,NA,"Glacier%20Bancorp","First%20Citizens%20Development"
"150","DOJ",2006,"N/A","N/A","N/A",NA,NA,"Restructured Before Complaint","Cinemark USA","Cinemark USA","Century Theaters","Century Theaters",2006,"N/A","N/A",NA,NA,NA,"Acquisition",NA,NA,NA,NA,NA,"Cinemark%20USA","Century%20Theaters"
"151","DOJ",2006,"N/A","N/A","N/A",NA,NA,"Restructured Before Complaint","Toshiba Corporation","Toshiba Corporation","Westinghouse Electric","Westinghouse Electric",2006,"N/A","N/A",NA,NA,NA,"Acquisition",NA,NA,NA,NA,NA,"Toshiba%20Corporation","Westinghouse%20Electric"
"152","DOJ",2005,"N/A","N/A","N/A",NA,NA,"Restructured Before Complaint","Reuters","Reuters","Moneyline Telerate","Moneyline Telerate",2005,"N/A","N/A",NA,NA,NA,"Acquisition",NA,NA,NA,NA,NA,"Reuters","Moneyline%20Telerate"
"153","DOJ",2004,"N/A","N/A","N/A",NA,NA,"Abandoned Before Complaint","Sonoco Products Company","Sonoco Products Company","Pasco Beverages Company","Pasco Beverages Company",2004,"N/A","N/A",NA,NA,NA,"Acquisition",NA,NA,NA,NA,NA,"Sonoco%20Products%20Company","Pasco%20Beverages%20Company"
"154","DOJ",2004,"N/A","N/A","N/A",NA,NA,"Abandoned Before Complaint","Wachovia Corporation","Wachovia Corporation","SouthTrust Corporation","SouthTrust Corporation",2004,"N/A","N/A",NA,NA,NA,"Acquisition",NA,NA,NA,NA,NA,"Wachovia%20Corporation","SouthTrust%20Corporation"
"155","DOJ",2004,"N/A","N/A","N/A",NA,NA,"Restructured Before Complaint","Undisclosed","Undisclosed","Undisclosed","Undisclosed",2004,"N/A","N/A",NA,NA,NA,"Acquisition",NA,NA,NA,NA,NA,"Undisclosed","Undisclosed"
"156","DOJ",2003,"N/A","N/A","N/A",NA,NA,"Restructured Before Complaint","ICAP","ICAP","BrokerTec","BrokerTec",2003,"N/A","N/A",NA,NA,NA,"Acquisition",NA,NA,NA,NA,NA,"ICAP","BrokerTec"
"157","DOJ",2003,"N/A","N/A","N/A",NA,NA,"Restructured Before Complaint","BB&T Corporation","BB&T Corporation","First Virginia Banks","First Virginia Banks",2003,"N/A","N/A","3300",NA,NA,"Acquisition",NA,NA,NA,NA,NA,"BBT%20Corporation","First%20Virginia%20Banks"
"158","DOJ",2003,"N/A","N/A","N/A",NA,NA,"Restructured Before Complaint","Veeco Instruments","Veeco Instruments","FEI Company","FEI Company",2003,"N/A","N/A",NA,NA,NA,"Acquisition",NA,NA,NA,NA,NA,"Veeco%20Instruments","FEI%20Company"
"159","DOJ",2003,"N/A","N/A","N/A",NA,NA,"Abandoned Before Complaint","Onex Corporation","Onex Corporation","OCM Opportunities Fund II","Silver Cinemas Acquisition Company",2003,"N/A","N/A",NA,NA,NA,"Acquisition",NA,NA,NA,NA,NA,"Onex%20Corporation","OCM%20Opportunities%20Fund%20II"
"160","DOJ",2003,"N/A","N/A","N/A",NA,NA,"Abandoned Before Complaint","Carlyle Partners III","Vought Aircraft Industries","Aerostructures Corporation","Aerostructures Corporation",2003,"N/A","N/A",NA,NA,NA,"Acquisition",NA,NA,NA,NA,NA,"Carlyle%20Partners%20III","Aerostructures%20Corporation"
"161","DOJ",2003,"N/A","N/A","N/A",NA,NA,"Abandoned Before Complaint","Allied Waste Industries","Allied Waste Industries","WCA Partners","WCA Partners",2003,"N/A","N/A",NA,NA,NA,"Acquisition",NA,NA,NA,NA,NA,"Allied%20Waste%20Industries","WCA%20Partners"
"162","DOJ",2002,"N/A","N/A","N/A",NA,NA,"Restructured Before Complaint","SunTrust Bank","SunTrust Bank","Huntington National Bank","Huntington National Bank",2002,"N/A","N/A",NA,NA,NA,"Acquisition",NA,NA,NA,NA,NA,"SunTrust%20Bank","Huntington%20National%20Bank"
"163","DOJ",2002,"N/A","N/A","N/A",NA,NA,"Restructured Before Complaint","Aggregate Industries","Aggregate Industries","Wakefield Materials Company","Wakefield Materials Company",2002,"N/A","N/A",NA,NA,NA,"Acquisition",NA,NA,NA,NA,NA,"Aggregate%20Industries","Wakefield%20Materials%20Company"
"164","DOJ",2002,"N/A","N/A","N/A",NA,NA,"Restructured Before Complaint","American General Media Corporation;Salisbury Broadcasting","American General Media Corporation;Salisbury Broadcasting","Rocky Mountain Broadcasting I;Mass Entertainment Corporation","Rocky Mountain Broadcasting I;Mass Entertainment Corporation",2002,"N/A","N/A",NA,NA,NA,"Acquisition",NA,NA,NA,NA,NA,"American%20General%20Media%20Corporation","Rocky%20Mountain%20Broadcasting%20I"
"165","DOJ",2002,"N/A","N/A","N/A",NA,NA,"Abandoned Before Complaint","Old Castle Materials","Old Castle Materials","Aggregate Industries","Central Region",2002,"N/A","N/A",NA,NA,NA,"Acquisition",NA,NA,NA,NA,NA,"Old%20Castle%20Materials","Aggregate%20Industries"
"166","DOJ",2001,"N/A","N/A","N/A",NA,NA,"Restructured Before Complaint","Varian Medical Systems","Varian Medical Systems","IMPAC Medical Systems","IMPAC Medical Systems",2001,"N/A","N/A",NA,NA,NA,"Acquisition",NA,NA,NA,NA,NA,"Varian%20Medical%20Systems","IMPAC%20Medical%20Systems"
"167","DOJ",2001,"N/A","N/A","N/A",NA,NA,"Restructured Before Complaint","Fleet Boston Financial Corporation","Fleet Boston Financial Corporation","Summit Bancorp","Summit Bancorp",2001,"N/A","N/A",NA,NA,NA,"Acquisition",NA,NA,NA,NA,NA,"Fleet%20Boston%20Financial%20Corporation","Summit%20Bancorp"
"168","DOJ",2001,"N/A","N/A","N/A",NA,NA,"Restructured Before Complaint","Eastman Kodak Company","Eastman Kodak Company","Bell & Howell Company","Bell & Howell Company",2001,"N/A","N/A",NA,NA,NA,"Acquisition",NA,NA,NA,NA,NA,"Eastman%20Kodak%20Company","Bell%20%20Howell%20Company"
"169","DOJ",2001,"N/A","N/A","N/A",NA,NA,"Restructured Before Complaint","JDS Uniphase","JDS Uniphase","SDL Inc.","SDL Inc.",2001,"N/A","N/A",NA,NA,NA,"Acquisition",NA,NA,NA,NA,NA,"JDS%20Uniphase","SDL%20Inc"
"170","DOJ",2001,"N/A","N/A","N/A",NA,NA,"Restructured Before Complaint","Lesaffre et Cie","Sensient Technologies Corporation","Universal Foods Corporation","Red Star Yeast Division",2001,"N/A","N/A",NA,NA,NA,"Acquisition",NA,NA,NA,NA,NA,"Lesaffre%20et%20Cie","Universal%20Foods%20Corporation"
"171","DOJ",2001,"N/A","N/A","N/A",NA,NA,"Restructured Before Complaint","General Electric","General Electric","Honeywell","Honeywell",2001,"N/A","N/A",NA,NA,NA,"Acquisition",NA,NA,NA,NA,NA,"General%20Electric","Honeywell"
"172","DOJ",2001,"N/A","N/A","N/A",NA,NA,"Restructured Before Complaint","BB&T Corporation","BB&T Corporation","Wachovia Corporation","Wachovia Corporation",2001,"N/A","N/A",NA,NA,NA,"Acquisition",NA,NA,NA,NA,NA,"BBT%20Corporation","Wachovia%20Corporation"
"173","DOJ",2001,"N/A","N/A","N/A",NA,NA,"Restructured Before Complaint","Electronic Data Systems","Electronic Data Systems","Sabre","Sabre",2001,"N/A","N/A",NA,NA,NA,"Acquisition",NA,NA,NA,NA,NA,"Electronic%20Data%20Systems","Sabre"
"174","DOJ",2001,"N/A","N/A","N/A",NA,NA,"Restructured Before Complaint","United Airlines","United Airlines","US Airways","US Airways",2001,"N/A","N/A",NA,NA,NA,"Acquisition",NA,NA,NA,NA,NA,"United%20Airlines","US%20Airways"
"175","DOJ",2001,"N/A","N/A","N/A",NA,NA,"Restructured Before Complaint","George Weston","George Weston","Unilever","Bestfoods Baking",2001,"N/A","N/A",NA,NA,NA,"Acquisition",NA,NA,NA,NA,NA,"George%20Weston","Unilever"
"176","DOJ",2001,"N/A","N/A","N/A",NA,NA,"Restructured Before Complaint","BAE Systems","BAE Systems","Lockheed Martin","Aerospace Electronics",2001,"N/A","N/A",NA,NA,NA,"Acquisition","Acquisition of Sanders Electronic Division of Aerospace Electronics system",NA,NA,NA,NA,"BAE%20Systems","Lockheed%20Martin"
"177","DOJ",2001,"N/A","N/A","N/A",NA,NA,"Restructured Before Complaint","State National Bancshare","State National Bancshare","Ruidoso Bank Corporation","Ruidoso Bank Corporation",2001,"N/A","N/A",NA,NA,NA,"Acquisition",NA,NA,NA,NA,NA,"State%20National%20Bancshare","Ruidoso%20Bank%20Corporation"
"178","DOJ",2001,"N/A","N/A","N/A",NA,NA,"Restructured Before Complaint","F&M","F&M","Atlantic Financial Corporation","Atlantic Financial Corporation",2001,"N/A","N/A",NA,NA,NA,"Acquisition",NA,NA,NA,NA,NA,"FM","Atlantic%20Financial%20Corporation"
"179","DOJ",2001,"N/A","N/A","N/A",NA,NA,"Restructured Before Complaint","Comcast","Comcast","Home Team Sports; Midwest Sports Channel","Home Team Sports; Midwest Sports Channel",2001,"N/A","N/A",NA,NA,NA,"Acquisition",NA,NA,NA,NA,NA,"Comcast","Home%20Team%20Sports"
"180","DOJ",2001,"N/A","N/A","N/A",NA,NA,"Restructured Before Complaint","Thomson Financial Corporation","Thomson Financial Corporation","Depository Trust Clearing Corporation","Depository Trust Clearing Corporation",2001,"N/A","N/A",NA,NA,NA,"Acquisition",NA,NA,NA,NA,NA,"Thomson%20Financial%20Corporation","Depository%20Trust%20Clearing%20Corporation"
"181","DOJ",2001,"N/A","N/A","N/A",NA,NA,"Abandoned Before Complaint","First Union","First Union","Wachovia Corporation","Wachovia Corporation",2001,"N/A","N/A",NA,NA,NA,"Acquisition",NA,NA,NA,NA,NA,"First%20Union","Wachovia%20Corporation"
"182","DOJ",2001,"N/A","N/A","N/A",NA,NA,"Abandoned Before Complaint","Xcel Energy","NRG Energy","Duke Energy","Duke Energy",2001,"N/A","N/A",NA,NA,NA,"Acquisition",NA,NA,NA,NA,NA,"Xcel%20Energy","Duke%20Energy"
"183","DOJ",2001,"N/A","N/A","N/A",NA,NA,"Abandoned Before Complaint","CRH plc","CRH plc","F.W. Whitcomb Company","F.W. Whitcomb Company",2001,"N/A","N/A",NA,NA,NA,"Acquisition",NA,NA,NA,NA,NA,"CRH%20plc","FW%20Whitcomb%20Company"
"184","DOJ",2001,"N/A","N/A","N/A",NA,NA,"Abandoned Before Complaint","Xcel Energy","Xcel Energy","Wisvest","Wisvest",2001,"N/A","N/A",NA,NA,NA,"Acquisition",NA,NA,NA,NA,NA,"Xcel%20Energy","Wisvest"
"185","DOJ",2000,"N/A","N/A","N/A",NA,NA,"Restructured Before Complaint","Zions Bancorp","Zions Bancorp","First Security Corporation","First Security Corporation",2000,"N/A","N/A",NA,NA,NA,"Acquisition",NA,NA,NA,NA,NA,"Zions%20Bancorp","First%20Security%20Corporation"
"186","DOJ",2000,"N/A","N/A","N/A",NA,NA,"Restructured Before Complaint","Hearst Corporation","Hearst Corporation","San Francisco Chronicle","San Francisco Chronicle",2000,"N/A","N/A",NA,NA,NA,"Acquisition",NA,NA,NA,NA,NA,"Hearst%20Corporation","San%20Francisco%20Chronicle"
"187","DOJ",2000,"N/A","N/A","N/A",NA,NA,"Restructured Before Complaint","Wells Fargo","Wells Fargo","First Commerce Bancshares","First Commerce Bancshares",2000,"N/A","N/A",NA,NA,NA,"Acquisition",NA,NA,NA,NA,NA,"Wells%20Fargo","First%20Commerce%20Bancshares"
"188","DOJ",2000,"N/A","N/A","N/A",NA,NA,"Restructured Before Complaint","Wells Fargo","Wells Fargo","First Security Corporation","First Security Corporation",2000,"N/A","N/A",NA,NA,NA,"Acquisition",NA,NA,NA,NA,NA,"Wells%20Fargo","First%20Security%20Corporation"
"189","DOJ",2000,"N/A","N/A","N/A",NA,NA,"Restructured Before Complaint","A. Ahlstrom Corporation","A. Ahlstrom Corporation","Kvaerner AsA","Kvaerner AsA",2000,"N/A","N/A",NA,NA,NA,"Acquisition",NA,NA,NA,NA,NA,"A%20Ahlstrom%20Corporation","Kvaerner%20AsA"
"190","DOJ",2000,"N/A","N/A","N/A",NA,NA,"Restructured Before Complaint","Monsanto","Monsanto","Delta and Pine Land","Delta and Pine Land",2000,"N/A","N/A",NA,NA,NA,"Acquisition",NA,NA,NA,NA,NA,"Monsanto","Delta%20and%20Pine%20Land"
"191","DOJ",2000,"N/A","N/A","N/A",NA,NA,"Restructured Before Complaint","Wells Fargo","Wells Fargo","First Place Financial Corporation","First Place Financial Corporation",2000,"N/A","N/A",NA,NA,NA,"Acquisition",NA,NA,NA,NA,NA,"Wells%20Fargo","First%20Place%20Financial%20Corporation"
"192","DOJ",2000,"N/A","N/A","N/A",NA,NA,"Abandoned Before Complaint","BB&T Corporation","BB&T Corporation","One Valley Bancorp","One Valley Bancorp",2000,"N/A","N/A",NA,NA,NA,"Acquisition",NA,NA,NA,NA,NA,"BBT%20Corporation","One%20Valley%20Bancorp"
"193","DOJ",2000,"N/A","N/A","N/A",NA,NA,"Abandoned Before Complaint","Allegheny Power System","Allegheny Power System","DQE","DQE",2000,"N/A","N/A",NA,NA,NA,"Acquisition",NA,NA,NA,NA,NA,"Allegheny%20Power%20System","DQE"
"194","DOJ",2000,"N/A","N/A","N/A",NA,NA,"Abandoned Before Complaint","PE Corporation","PE Corporation","Third Wave Technologies","Third Wave Technologies",2000,"N/A","N/A",NA,NA,NA,"Acquisition",NA,NA,NA,NA,NA,"PE%20Corporation","Third%20Wave%20Technologies"
"195","DOJ",2000,"N/A","N/A","N/A",NA,NA,"Abandoned Before Complaint","North Fork Bancorporation","North Fork Bancorporation","Dime Bancorp;Dime Savings Bank of New York","Dime Bancorp;Dime Savings Bank of New York",2000,"N/A","N/A",NA,NA,NA,"Acquisition",NA,NA,NA,NA,NA,"North%20Fork%20Bancorporation","Dime%20Bancorp"
"196","DOJ",2000,"N/A","N/A","N/A",NA,NA,"Abandoned Before Complaint","Firstar Corporation","Firstar Corporation","Mercantile Bancorporation","Mercantile Bancorporation",2000,"N/A","N/A",NA,NA,NA,"Acquisition",NA,NA,NA,NA,NA,"Firstar%20Corporation","Mercantile%20Bancorporation"
"197","DOJ",2000,"N/A","N/A","N/A",NA,NA,"Abandoned Before Complaint","Entravision Communication","Entravision Communication","Z-Spanish Media","Z-Spanish Media",2000,"N/A","N/A",NA,NA,NA,"Acquisition",NA,NA,NA,NA,NA,"Entravision%20Communication","ZSpanish%20Media"
"198","DOJ",1999,"N/A","N/A","N/A",NA,NA,"Restructured Before Complaint","City Holding Company","City Holding Company","Horizon Bancorp","Horizon Bancorp",1999,"N/A","N/A",NA,NA,NA,"Acquisition",NA,NA,NA,NA,NA,"City%20Holding%20Company","Horizon%20Bancorp"
"199","DOJ",1999,"N/A","N/A","N/A",NA,NA,"Restructured Before Complaint","Monsanto","Monsanto","DeKalb Genetics Corporation","DeKalb Genetics Corporation",1999,"N/A","N/A",NA,NA,NA,"Acquisition",NA,NA,NA,NA,NA,"Monsanto","DeKalb%20Genetics%20Corporation"
"200","DOJ",1999,"N/A","N/A","N/A",NA,NA,"Restructured Before Complaint","Formica Corporation","Formica Corporation","International Paper Company","International Paper Company",1999,"N/A","N/A",NA,NA,NA,"Acquisition",NA,NA,NA,NA,NA,"Formica%20Corporation","International%20Paper%20Company"
"201","DOJ",1999,"N/A","N/A","N/A",NA,NA,"Restructured Before Complaint","Clear Channel Communications","Clear Channel Communications","Jacor Communications","Jacor Communications",1999,"N/A","N/A",NA,NA,NA,"Acquisition",NA,NA,NA,NA,NA,"Clear%20Channel%20Communications","Jacor%20Communications"
"202","DOJ",1999,"N/A","N/A","N/A",NA,NA,"Restructured Before Complaint","Fox Paine Capital Fund","Fox Paine Capital Fund","Century Telephone Enterprises","Century Telephone Enterprises",1999,"N/A","N/A",NA,NA,NA,"Acquisition",NA,NA,NA,NA,NA,"Fox%20Paine%20Capital%20Fund","Century%20Telephone%20Enterprises"
"203","DOJ",1999,"N/A","N/A","N/A",NA,NA,"Restructured Before Complaint","Lamar Advertising","Lamar Advertising","Vivid","Vivid",1999,"N/A","N/A",NA,NA,NA,"Acquisition",NA,NA,NA,NA,NA,"Lamar%20Advertising","Vivid"
"204","DOJ",1999,"N/A","N/A","N/A",NA,NA,"Restructured Before Complaint","Abry Broadcasting Partners","Abry Broadcasting Partners","Bastet Broadcasting Corporation","Bastet Broadcasting Corporation",1999,"N/A","N/A",NA,NA,NA,"Acquisition",NA,NA,NA,NA,NA,"Abry%20Broadcasting%20Partners","Bastet%20Broadcasting%20Corporation"
"205","DOJ",1999,"N/A","N/A","N/A",NA,NA,"Restructured Before Complaint","AK Steel Corporation","AK Steel Corporation","Armco","Armco",1999,"N/A","N/A",NA,NA,NA,"Acquisition",NA,NA,NA,NA,NA,"AK%20Steel%20Corporation","Armco"
"206","DOJ",1999,"N/A","N/A","N/A",NA,NA,"Abandoned Before Complaint","Lamar Advertising","Lamar Advertising","Chancellor Media","Chancellor Media",1999,"N/A","N/A",NA,NA,NA,"Acquisition",NA,NA,NA,NA,NA,"Lamar%20Advertising","Chancellor%20Media"
"207","DOJ",1999,"N/A","N/A","N/A",NA,NA,"Abandoned Before Complaint","Reilly Industries","Reilly Industries","Allied Signal","Allied Signal",1999,"N/A","N/A",NA,NA,NA,"Acquisition",NA,NA,NA,NA,NA,"Reilly%20Industries","Allied%20Signal"
"208","DOJ",1999,"N/A","N/A","N/A",NA,NA,"Abandoned Before Complaint","General Dynamics","General Dynamics","Newport News Shipyard","Newport News Shipyard",1999,"N/A","N/A",NA,NA,NA,"Acquisition",NA,NA,NA,NA,NA,"General%20Dynamics","Newport%20News%20Shipyard"
"209","DOJ",1999,"N/A","N/A","N/A",NA,NA,"Abandoned Before Complaint","Chancellor Media Corporation","Chancellor Media Corporation","Petry Media Corporation","Petry Media Corporation",1999,"N/A","N/A",NA,NA,NA,"Acquisition",NA,NA,NA,NA,NA,"Chancellor%20Media%20Corporation","Petry%20Media%20Corporation"
"210","DOJ",1999,"N/A","N/A","N/A",NA,NA,"Abandoned Before Complaint","Litton Industries","Litton Industries","Newport News Shipyard","Newport News Shipyard",1999,"N/A","N/A",NA,NA,NA,"Acquisition",NA,NA,NA,NA,NA,"Litton%20Industries","Newport%20News%20Shipyard"
"211","DOJ",1999,"N/A","N/A","N/A",NA,NA,"Abandoned Before Complaint","Lamar Advertising","Lamar Advertising","Outdoor Communications","Outdoor Communications",1999,"N/A","N/A",NA,NA,NA,"Acquisition",NA,NA,NA,NA,NA,"Lamar%20Advertising","Outdoor%20Communications"
"212","DOJ",1998,"N/A","N/A","N/A",NA,NA,"Restructured Before Complaint","NationsBank Corporation","NationsBank Corporation","Barnett Banks","Barnett Banks",1998,"N/A","N/A",NA,NA,NA,"Acquisition",NA,NA,NA,NA,NA,"NationsBank%20Corporation","Barnett%20Banks"
"213","DOJ",1998,"N/A","N/A","N/A",NA,NA,"Restructured Before Complaint","General Electric","General Electric","Stewart & Stevenson Services","Gas Turbine Division",1998,"N/A","N/A",NA,NA,NA,"Acquisition",NA,NA,NA,NA,NA,"General%20Electric","Stewart%20%20Stevenson%20Services"
"214","DOJ",1998,"N/A","N/A","N/A",NA,NA,"Restructured Before Complaint","Perkin-Elmer Corporation","Perkin-Elmer Corporation","PerSeptive BioSystems","PerSeptive BioSystems",1998,"N/A","N/A",NA,NA,NA,"Acquisition",NA,NA,NA,NA,NA,"PerkinElmer%20Corporation","PerSeptive%20BioSystems"
"215","DOJ",1998,"N/A","N/A","N/A",NA,NA,"Restructured Before Complaint","Capstar Broadcasting","Capstar Broadcasting","Patterson Broadcasting","Patterson Broadcasting",1998,"N/A","N/A",NA,NA,NA,"Acquisition",NA,NA,NA,NA,NA,"Capstar%20Broadcasting","Patterson%20Broadcasting"
"216","DOJ",1998,"N/A","N/A","N/A",NA,NA,"Restructured Before Complaint","Blackstone Capital Partners II Merchant Banking Fund;Haynes Holdings","Blackstone Capital Partners II Merchant Banking Fund;Haynes Holdings","Inco Alloys International","Inco Alloys International",1998,"N/A","N/A",NA,NA,NA,"Acquisition",NA,NA,NA,NA,NA,"Blackstone%20Capital%20Partners%20II%20Merchant%20Banking%20Fund","Inco%20Alloys%20International"
"217","DOJ",1998,"N/A","N/A","N/A",NA,NA,"Restructured Before Complaint","People Heritage Financial Group","People Heritage Financial Group","CFX Corporation","CFX Corporation",1998,"N/A","N/A",NA,NA,NA,"Acquisition",NA,NA,NA,NA,NA,"People%20Heritage%20Financial%20Group","CFX%20Corporation"
"218","DOJ",1998,"N/A","N/A","N/A",NA,NA,"Restructured Before Complaint","Clear Channel Communications","Clear Channel Communications","Universal Outdoor Holdings","Universal Outdoor Holdings",1998,"N/A","N/A",NA,NA,NA,"Acquisition",NA,NA,NA,NA,NA,"Clear%20Channel%20Communications","Universal%20Outdoor%20Holdings"
"219","DOJ",1998,"N/A","N/A","N/A",NA,NA,"Restructured Before Complaint","Thermo Environmental Instruments","Thermo Environmental Instruments","Graseby Anderson","Graseby Specac Limited",1998,"N/A","N/A",NA,NA,NA,"Acquisition",NA,NA,NA,NA,NA,"Thermo%20Environmental%20Instruments","Graseby%20Anderson"
"220","DOJ",1998,"N/A","N/A","N/A",NA,NA,"Restructured Before Complaint","American Airlines","American Airlines","Aerolineas Argentinas","Aerolineas Argentinas",1998,"N/A","N/A",NA,NA,NA,"Acquisition",NA,NA,NA,NA,NA,"American%20Airlines","Aerolineas%20Argentinas"
"221","DOJ",1998,"N/A","N/A","N/A",NA,NA,"Restructured Before Complaint","WorldCom","WorldCom","MCI Communications","MCI Communications",1998,"N/A","N/A",NA,NA,NA,"Acquisition",NA,NA,NA,NA,NA,"WorldCom","MCI%20Communications"
"222","DOJ",1998,"N/A","N/A","N/A",NA,NA,"Restructured Before Complaint","Jacor Communications","Jacor Communications","Nationwide Communications","Nationwide Communications",1998,"N/A","N/A",NA,NA,NA,"Acquisition",NA,NA,NA,NA,NA,"Jacor%20Communications","Nationwide%20Communications"
"223","DOJ",1998,"N/A","N/A","N/A",NA,NA,"Restructured Before Complaint","Dean Foods","Dean Foods","Barber Dairies","Barber Dairies",1998,"N/A","N/A",NA,NA,NA,"Acquisition",NA,NA,NA,NA,NA,"Dean%20Foods","Barber%20Dairies"
"224","DOJ",1998,"N/A","N/A","N/A",NA,NA,"Abandoned Before Complaint","Reed Elsevier","Reed Elsevier Business Information","Wolters Kluwer NV","Wolters Kluwer NV",1998,"N/A","N/A",NA,NA,NA,"Acquisition",NA,NA,NA,NA,NA,"Reed%20Elsevier","Wolters%20Kluwer%20NV"
"225","DOJ",1998,"N/A","N/A","N/A",NA,NA,"Abandoned Before Complaint","Andrew Taitz","Andrew Taitz","Harley Davidson","Utilimaster Division",1998,"N/A","N/A",NA,NA,NA,"Acquisition",NA,NA,NA,NA,NA,"Andrew%20Taitz","Harley%20Davidson"
"226","DOJ",1998,"N/A","N/A","N/A",NA,NA,"Abandoned Before Complaint","SunGard Data Systems","SunGard Data Systems","Rolfe & Nolan","Rolfe & Nolan",1998,"N/A","N/A",NA,NA,NA,"Acquisition",NA,NA,NA,NA,NA,"SunGard%20Data%20Systems","Rolfe%20%20Nolan"
"227","DOJ",1998,"N/A","N/A","N/A",NA,NA,"Abandoned Before Complaint","Star Bank","Star Bank","Bank One; Bank One Wheeling","Bank One; Bank One Wheeling",1998,"N/A","N/A",NA,NA,NA,"Acquisition",NA,NA,NA,NA,NA,"Star%20Bank","Bank%20One"
"228","DOJ",1998,"N/A","N/A","N/A",NA,NA,"Abandoned Before Complaint","Bangor Savings Bank","Bangor Savings Bank","Fleet Bank of Maine","Fleet Bank of Maine",1998,"N/A","N/A",NA,NA,NA,"Acquisition",NA,NA,NA,NA,NA,"Bangor%20Savings%20Bank","Fleet%20Bank%20of%20Maine"
"229","DOJ",1998,"N/A","N/A","N/A",NA,NA,"Abandoned Before Complaint","National City Corporation","National City Corporation","First of America Bank Corporation","First of America Bank Corporation",1998,"N/A","N/A",NA,NA,NA,"Acquisition",NA,NA,NA,NA,NA,"National%20City%20Corporation","First%20of%20America%20Bank%20Corporation"
"230","DOJ",1998,"N/A","N/A","N/A",NA,NA,"Abandoned Before Complaint","Capstar Broadcasting","Capstar Broadcasting","Paxson Communications","Paxson Communications",1998,"N/A","N/A",NA,NA,NA,"Acquisition",NA,NA,NA,NA,NA,"Capstar%20Broadcasting","Paxson%20Communications"
"231","DOJ",1998,"N/A","N/A","N/A",NA,NA,"Abandoned Before Complaint","Specialty Teleconstructors","Specialty Teleconstructors","Stainless Broadcasting","Stainless Broadcasting",1998,"N/A","N/A",NA,NA,NA,"Acquisition",NA,NA,NA,NA,NA,"Specialty%20Teleconstructors","Stainless%20Broadcasting"
"232","DOJ",1998,"N/A","N/A","N/A",NA,NA,"Abandoned Before Complaint","Capstar Broadcasting","Capstar Broadcasting","Big Chief Broadcasting","Big Chief Broadcasting",1998,"N/A","N/A",NA,NA,NA,"Acquisition",NA,NA,NA,NA,NA,"Capstar%20Broadcasting","Big%20Chief%20Broadcasting"
"233","DOJ",1998,"N/A","N/A","N/A",NA,NA,"Abandoned Before Complaint","West Virginia Radio","West Virginia Radio","Fantasia Broadcasting","Fantasia Broadcasting",1998,"N/A","N/A",NA,NA,NA,"Acquisition",NA,NA,NA,NA,NA,"West%20Virginia%20Radio","Fantasia%20Broadcasting"
"234","DOJ",1998,"N/A","N/A","N/A",NA,NA,"Abandoned Before Complaint","Meredith Corporation","Meredith Corporation","First Media Television","First Media Television",1998,"N/A","N/A",NA,NA,NA,"Acquisition",NA,NA,NA,NA,NA,"Meredith%20Corporation","First%20Media%20Television"
"235","DOJ",1997,"N/A","N/A","N/A",NA,NA,"Restructured Before Complaint","Lamar Advertising","Lamar Advertising","Headrick Outdoor","Headrick Outdoor",1997,"N/A","N/A",NA,NA,NA,"Acquisition",NA,NA,NA,NA,NA,"Lamar%20Advertising","Headrick%20Outdoor"
"236","DOJ",1997,"N/A","N/A","N/A",NA,NA,"Restructured Before Complaint","Outdoor System","Outdoor System","3M","National Advertising Company",1997,"N/A","N/A",NA,NA,NA,"Acquisition",NA,NA,NA,NA,NA,"Outdoor%20System","3M"
"237","DOJ",1997,"N/A","N/A","N/A",NA,NA,"Abandoned Before Complaint","Tyco International","Tyco International","Keystone International","Keystone International",1997,"N/A","N/A",NA,NA,NA,"Acquisition",NA,NA,NA,NA,NA,"Tyco%20International","Keystone%20International"
"238","DOJ",1997,"N/A","N/A","N/A",NA,NA,"Abandoned Before Complaint","Andersen Area Medical Center;Greenville Hospital System","Andersen Area Medical Center;Greenville Hospital System","Spartanburg Hospital System","Spartanburg Hospital System",1997,"N/A","N/A",NA,NA,NA,"Acquisition",NA,NA,NA,NA,NA,"Andersen%20Area%20Medical%20Center","Spartanburg%20Hospital%20System"
"239","DOJ",1997,"N/A","N/A","N/A",NA,NA,"Abandoned Before Complaint","Waste Management","Waste Management of Ohio","USA Waste Services","USA Waste Services",1997,"N/A","N/A",NA,NA,NA,"Acquisition",NA,NA,NA,NA,NA,"Waste%20Management","USA%20Waste%20Services"
"240","DOJ",1997,"N/A","N/A","N/A",NA,NA,"Abandoned Before Complaint","Allied Signal","Allied Signal Truck Brake Systems","Echlin","Midland Brake;Prattville MFG;United Brake Systems",1997,"N/A","N/A",NA,NA,NA,"Acquisition",NA,NA,NA,NA,NA,"Allied%20Signal","Echlin"
"241","DOJ",1997,"N/A","N/A","N/A",NA,NA,"Abandoned Before Complaint","GKN","GKN","Weasler Holdings","Weasler Holdings",1997,"N/A","N/A",NA,NA,NA,"Acquisition",NA,NA,NA,NA,NA,"GKN","Weasler%20Holdings"
"242","DOJ",1996,"N/A","N/A","N/A",NA,NA,"Restructured Before Complaint","Fleet Financial Group","Fleet Financial Group","Shawmut National Corporation","Shawmut National Corporation",1996,"N/A","N/A",NA,NA,NA,"Acquisition",NA,NA,NA,NA,NA,"Fleet%20Financial%20Group","Shawmut%20National%20Corporation"
"243","DOJ",1996,"N/A","N/A","N/A",NA,NA,"Restructured Before Complaint","Walt Disney","Walt Disney","Capital Cities/ABC","Capital Cities/ABC",1996,"N/A","N/A",NA,NA,NA,"Acquisition",NA,NA,NA,NA,NA,"Walt%20Disney","Capital%20CitiesABC"
"244","DOJ",1996,"N/A","N/A","N/A",NA,NA,"Restructured Before Complaint","UNC Inc.","UNC Inc.","CFC Aviation Service","CFC Aviation Service",1996,"N/A","N/A",NA,NA,NA,"Acquisition",NA,NA,NA,NA,NA,"UNC%20Inc","CFC%20Aviation%20Service"
"245","DOJ",1996,"N/A","N/A","N/A",NA,NA,"Restructured Before Complaint","Smith International","Smith International","Anchor Drilling Fluids of Norway","Anchor Drilling Fluids of Norway",1996,"N/A","N/A",NA,NA,NA,"Acquisition",NA,NA,NA,NA,NA,"Smith%20International","Anchor%20Drilling%20Fluids%20of%20Norway"
"246","DOJ",1996,"N/A","N/A","N/A",NA,NA,"Restructured Before Complaint","Cooper Cameron Corporation","Cooper Cameron Corporation","Ingram Cactus Company","Ingram Cactus Company",1996,"N/A","N/A",NA,NA,NA,"Acquisition",NA,NA,NA,NA,NA,"Cooper%20Cameron%20Corporation","Ingram%20Cactus%20Company"
"247","DOJ",1996,"N/A","N/A","N/A",NA,NA,"Restructured Before Complaint","Park Corporation","Park Corporation","Johnstown Corporation","Johnstown Corporation",1996,"N/A","N/A",NA,NA,NA,"Acquisition",NA,NA,NA,NA,NA,"Park%20Corporation","Johnstown%20Corporation"
"248","DOJ",1996,"N/A","N/A","N/A",NA,NA,"Restructured Before Complaint","Genecor International","Genecor International","Solvay","Solvay",1996,"N/A","N/A",NA,NA,NA,"Acquisition",NA,NA,NA,NA,NA,"Genecor%20International","Solvay"
"249","DOJ",1996,"N/A","N/A","N/A",NA,NA,"Restructured Before Complaint","Outdoor System","Outdoor System","Gannett Company","Outdoor Division",1996,"N/A","N/A",NA,NA,NA,"Acquisition",NA,NA,NA,NA,NA,"Outdoor%20System","Gannett%20Company"
"250","DOJ",1996,"N/A","N/A","N/A",NA,NA,"Restructured Before Complaint","Ingersoll Rand Company","Ingersoll Rand Company","Zimmerman International Corporation","Zimmerman International Corporation",1996,"N/A","N/A",NA,NA,NA,"Acquisition",NA,NA,NA,NA,NA,"Ingersoll%20Rand%20Company","Zimmerman%20International%20Corporation"
"251","DOJ",1996,"N/A","N/A","N/A",NA,NA,"Restructured Before Complaint","Westinghouse Air Brake Technologies","Westinghouse Air Brake Technologies","Mark IV Industries","Mark IV Industries",1996,"N/A","N/A",NA,NA,NA,"Acquisition",NA,NA,NA,NA,NA,"Westinghouse%20Air%20Brake%20Technologies","Mark%20IV%20Industries"
"252","DOJ",1996,"N/A","N/A","N/A",NA,NA,"Restructured Before Complaint","Archer-Daniels-Midland","Archer-Daniels-Midland","Gruma S.A. de C.V.","Gruma S.A. de C.V.",1996,"N/A","N/A",NA,NA,NA,"Acquisition",NA,NA,NA,NA,NA,"ArcherDanielsMidland","Gruma%20SA%20de%20CV"
"253","DOJ",1996,"N/A","N/A","N/A",NA,NA,"Restructured Before Complaint","Corestates Financial","Corestates Financial","Meridian Bancorp","Meridian Bancorp",1996,"N/A","N/A",NA,NA,NA,"Acquisition",NA,NA,NA,NA,NA,"Corestates%20Financial","Meridian%20Bancorp"
"254","DOJ",1996,"N/A","N/A","N/A",NA,NA,"Abandoned Before Complaint","Darling International","Darling International","Modesto Tallow Company","Modesto Tallow Company",1996,"N/A","N/A",NA,NA,NA,"Acquisition",NA,NA,NA,NA,NA,"Darling%20International","Modesto%20Tallow%20Company"
"255","DOJ",1996,"N/A","N/A","N/A",NA,NA,"Abandoned Before Complaint","Sinclair Broadcast Group","Sinclair Broadcast Group","River City Broadcasting","River City Broadcasting",1996,"N/A","N/A",NA,NA,NA,"Acquisition",NA,NA,NA,NA,NA,"Sinclair%20Broadcast%20Group","River%20City%20Broadcasting"
"256","DOJ",1996,"N/A","N/A","N/A",NA,NA,"Abandoned Before Complaint","ConAgra","ConAgra","Mrs. Smith's","Mrs. Smith's",1996,"N/A","N/A",NA,NA,NA,"Acquisition",NA,NA,NA,NA,NA,"ConAgra","Mrs%20Smiths"
"257","DOJ",1996,"N/A","N/A","N/A",NA,NA,"Abandoned Before Complaint","Fairmount Tamper","Fairmount Tamper","Pandrol Jackson","Tamper business",1996,"N/A","N/A",NA,NA,NA,"Acquisition","Acquisition of Pandrol Jackson's tamper business",NA,NA,NA,NA,"Fairmount%20Tamper","Pandrol%20Jackson"
"258","DOJ",1995,"N/A","N/A","N/A",NA,NA,"Restructured Before Complaint","Key Corporation","Key Corporation","Casco Northern Bank","Casco Northern Bank",1995,"N/A","N/A",NA,NA,NA,"Acquisition",NA,NA,NA,NA,NA,"Key%20Corporation","Casco%20Northern%20Bank"
"259","DOJ",1995,"N/A","N/A","N/A",NA,NA,"Restructured Before Complaint","BJ Services","BJ Services","Western Company of North America","Western Company of North America",1995,"N/A","N/A",NA,NA,NA,"Acquisition",NA,NA,NA,NA,NA,"BJ%20Services","Western%20Company%20of%20North%20America"
"260","DOJ",1995,"N/A","N/A","N/A",NA,NA,"Restructured Before Complaint","Ingersoll Rand Company","Ingersoll Rand Company","Clark Equipment Company","Clark Equipment Company",1995,"N/A","N/A",NA,NA,NA,"Acquisition",NA,NA,NA,NA,NA,"Ingersoll%20Rand%20Company","Clark%20Equipment%20Company"
"261","DOJ",1995,"N/A","N/A","N/A",NA,NA,"Restructured Before Complaint","Land-O-Sun Dairies","Land-O-Sun Dairies","Mid-America Dairymen","Flav-O-Rich",1995,"N/A","N/A",NA,NA,NA,"Acquisition",NA,NA,NA,NA,NA,"LandOSun%20Dairies","MidAmerica%20Dairymen"
"262","DOJ",1995,"N/A","N/A","N/A",NA,NA,"Restructured Before Complaint","United Healthcare","United Healthcare","MetraHealth Companies","MetraHealth Companies",1995,"N/A","N/A",NA,NA,NA,"Acquisition",NA,NA,NA,NA,NA,"United%20Healthcare","MetraHealth%20Companies"
"263","DOJ",1995,"N/A","N/A","N/A",NA,NA,"Restructured Before Complaint","First Commerce Corporation","First Commerce Corporation","Lakeside National Bank","Lakeside National Bank",1995,"N/A","N/A",NA,NA,NA,"Acquisition",NA,NA,NA,NA,NA,"First%20Commerce%20Corporation","Lakeside%20National%20Bank"
"264","DOJ",1994,"N/A","N/A","N/A",NA,NA,"Restructured Before Complaint","Goldman Sachs","Goldman Sachs","National Gypsum Company","National Gypsum Company",1994,"N/A","N/A",NA,NA,NA,"Acquisition",NA,NA,NA,NA,NA,"Goldman%20Sachs","National%20Gypsum%20Company"
"265","DOJ",1994,"N/A","N/A","N/A",NA,NA,"Restructured Before Complaint","Cyprus Minerals Company","Cyprus Minerals Company","Amax","Amax",1994,"N/A","N/A",NA,NA,NA,"Acquisition",NA,NA,NA,NA,NA,"Cyprus%20Minerals%20Company","Amax"
"266","DOJ",1994,"N/A","N/A","N/A",NA,NA,"Restructured Before Complaint","Intuit","Intuit","Chipsoft","Chipsoft",1994,"N/A","N/A",NA,NA,NA,"Acquisition",NA,NA,NA,NA,NA,"Intuit","Chipsoft"
"267","DOJ",1994,"N/A","N/A","N/A",NA,NA,"Restructured Before Complaint","Eastern Corporation","Eastern Corporation","Westinghouse Electric","Distribution and Control Business Unit",1994,"N/A","N/A",NA,NA,NA,"Acquisition",NA,NA,NA,NA,NA,"Eastern%20Corporation","Westinghouse%20Electric"
"268","DOJ",1994,"N/A","N/A","N/A",NA,NA,"Restructured Before Complaint","Peter Kiewit Sons","Peter Kiewit Sons","Ashland Oil","APAC-Arizona Construction",1994,"N/A","N/A",NA,NA,NA,"Acquisition",NA,NA,NA,NA,NA,"Peter%20Kiewit%20Sons","Ashland%20Oil"
"269","DOJ",1994,"N/A","N/A","N/A",NA,NA,"Restructured Before Complaint","Marshall & Isley","Marshall & Isley","Valley Bancorporation","Valley Bancorporation",1994,"N/A","N/A",NA,NA,NA,"Acquisition",NA,NA,NA,NA,NA,"Marshall%20%20Isley","Valley%20Bancorporation"
"270","DOJ",1994,"N/A","N/A","N/A",NA,NA,"Restructured Before Complaint","Bell South Corporation","Bell South Corporation","Prime II Management and Community Cable TV",NA,1994,"N/A","N/A",NA,NA,NA,"Acquisition",NA,NA,NA,NA,NA,"Bell%20South%20Corporation","Prime%20II%20Management%20and%20Community%20Cable%20TV"
"271","DOJ",1994,"N/A","N/A","N/A",NA,NA,"Restructured Before Complaint","Intuit","Intuit","Parsons Technology","Parsons Technology",1994,"N/A","N/A",NA,NA,NA,"Acquisition",NA,NA,NA,NA,NA,"Intuit","Parsons%20Technology"
"272","DOJ",1994,"N/A","N/A","N/A",NA,NA,"Abandoned Before Complaint","Pacific Industries","Pacific Industries","Michigan California Lumber","Michigan California Lumber",1994,"N/A","N/A",NA,NA,NA,"Acquisition",NA,NA,NA,NA,NA,"Pacific%20Industries","Michigan%20California%20Lumber"
"273","DOJ",1994,"N/A","N/A","N/A",NA,NA,"Abandoned Before Complaint","First National Bank & Trust of McAlester","First National Bank & Trust of McAlester","Bank of Oklahoma","McAlester branch",1994,"N/A","N/A",NA,NA,NA,"Acquisition",NA,NA,NA,NA,NA,"First%20National%20Bank%20%20Trust%20of%20McAlester","Bank%20of%20Oklahoma"
"274","DOJ",1994,"N/A","N/A","N/A",NA,NA,"Abandoned Before Complaint","Dean Foods","Dean Foods","Flav-o-Rich","Flav-o-Rich",1994,"N/A","N/A",NA,NA,NA,"Acquisition",NA,NA,NA,NA,NA,"Dean%20Foods","FlavoRich"
"275","DOJ",1994,"N/A","N/A","N/A",NA,NA,"Abandoned Before Complaint","PNC Financial Services","PNC Financial Services","First Eastern Corporation","First Eastern Corporation",1994,"N/A","N/A",NA,NA,NA,"Acquisition",NA,NA,NA,NA,NA,"PNC%20Financial%20Services","First%20Eastern%20Corporation"
"276","DOJ",1993,"N/A","N/A","N/A",NA,NA,"Restructured Before Complaint","Coflexip","Coflexip","Wellstream Corporation","Wellstream Corporation",1993,"N/A","N/A",NA,NA,NA,"Acquisition",NA,NA,NA,NA,NA,"Coflexip","Wellstream%20Corporation"
"277","DOJ",1993,"N/A","N/A","N/A",NA,NA,"Restructured Before Complaint","Banco Popular","Banco Popular","CoreStates Financial Corporation","U.S.V.I. branches",1993,"N/A","N/A",NA,NA,NA,"Asset Purchase","Acquisition of Virgin Island bank branches",NA,NA,NA,NA,"Banco%20Popular","CoreStates%20Financial%20Corporation"
"278","DOJ",1993,"N/A","N/A","N/A",NA,NA,"Abandoned Before Complaint","Texas Commerce Bank","Texas Commerce Bank","New First City Bank-El Paso","New First City Bank-El Paso",1993,"N/A","N/A",NA,NA,NA,"Acquisition",NA,NA,NA,NA,NA,"Texas%20Commerce%20Bank","New%20First%20City%20BankEl%20Paso"
"279","DOJ",1993,"N/A","N/A","N/A",NA,NA,"Abandoned Before Complaint","ChipSoft","ChipSoft","MECA Software","MECA Software",1993,"N/A","N/A",NA,NA,NA,"Acquisition",NA,NA,NA,NA,NA,"ChipSoft","MECA%20Software"
"280","DOJ",1992,"N/A","N/A","N/A",NA,NA,"Restructured Before Complaint","Page Avjet Airport Services","Page Avjet Airport Services","Butler Aviation International","Butler Aviation International",1992,"N/A","N/A",NA,NA,NA,"Acquisition",NA,NA,NA,NA,NA,"Page%20Avjet%20Airport%20Services","Butler%20Aviation%20International"
"281","DOJ",1992,"N/A","N/A","N/A",NA,NA,"ICC Litigation","Wisconsin Central Railroad","Wisconsin Central Railroad","Green Bay and Western Railroad;Fox River Valley Railroad","Green Bay and Western Railroad;Fox River Valley Railroad",1992,"N/A","N/A",NA,NA,NA,"Acquisition",NA,NA,NA,NA,NA,"Wisconsin%20Central%20Railroad","Green%20Bay%20and%20Western%20Railroad"
"282","DOJ",1991,"N/A","N/A","N/A",NA,NA,"Abandoned/Restructured Before Complaint","Unimin Corporation","Unimin Corporation","Indusmin","Indusmin",1991,"N/A","N/A",NA,NA,NA,"Acquisition",NA,NA,NA,NA,NA,"Unimin%20Corporation","Indusmin"
"283","DOJ",1991,"N/A","N/A","N/A",NA,NA,"Abandoned/Restructured Before Complaint","ECC Group","ECC Group","Combustion Engineering","Georgia Kaolin Company",1991,"N/A","N/A",NA,NA,NA,"Acquisition",NA,NA,NA,NA,NA,"ECC%20Group","Combustion%20Engineering"
"284","DOJ",1991,"N/A","N/A","N/A",NA,NA,"Abandoned/Restructured Before Complaint","Hershey Foods","Hershey Foods","American Italian Pasta Company","American Italian Pasta Company",1991,"N/A","N/A",NA,NA,NA,"Acquisition",NA,NA,NA,NA,NA,"Hershey%20Foods","American%20Italian%20Pasta%20Company"
"285","DOJ",1991,"N/A","N/A","N/A",NA,NA,"Abandoned/Restructured Before Complaint","Fiat Group","Fiat Group","Ford Motor Company","Farm Equipment Operations",1991,"N/A","N/A",NA,NA,NA,"Acquisition",NA,NA,NA,NA,NA,"Fiat%20Group","Ford%20Motor%20Company"
"286","DOJ",1991,"N/A","N/A","N/A",NA,NA,"Abandoned/Restructured Before Complaint","AMR Corporation","AMR Corporation","Trans World Airlines","International Route Authority",1991,"N/A","N/A",NA,NA,NA,"Acquisition",NA,NA,NA,NA,NA,"AMR%20Corporation","Trans%20World%20Airlines"
"287","DOJ",1991,"N/A","N/A","N/A",NA,NA,"Abandoned/Restructured Before Complaint","Fairmount Minerals","Fairmount Minerals","Hepworth Minerals and Chemicals","Hepworth Minerals and Chemicals",1991,"N/A","N/A",NA,NA,NA,"Acquisition",NA,NA,NA,NA,NA,"Fairmount%20Minerals","Hepworth%20Minerals%20and%20Chemicals"
"288","DOJ",1991,"N/A","N/A","N/A",NA,NA,"Abandoned/Restructured Before Complaint","Delta;United;Northwest;American","Delta;United;Northwest;American","Eastern Airlines","Eastern Airlines",1991,"N/A","N/A",NA,NA,NA,"Acquisition",NA,NA,NA,NA,NA,"Delta","Eastern%20Airlines"
"289","DOJ",1990,"N/A","N/A","N/A",NA,NA,"Abandoned Before Complaint","American Multi-Cinema","American Multi-Cinema","Mid-American Cinema Corporation","Mid-American Cinema Corporation",1990,"N/A","N/A",NA,NA,NA,"Acquisition",NA,NA,NA,NA,NA,"American%20MultiCinema","MidAmerican%20Cinema%20Corporation"
"290","DOJ",1990,"N/A","N/A","N/A",NA,NA,"Abandoned Before Complaint","Boringuen Container Corporation","Boringuen Container Corporation","Proalfa-Puerto Rico","Proalfa-Puerto Rico",1990,"N/A","N/A",NA,NA,NA,"Acquisition",NA,NA,NA,NA,NA,"Boringuen%20Container%20Corporation","ProalfaPuerto%20Rico"
"291","DOJ",1990,"N/A","N/A","N/A",NA,NA,"Restructured Before Complaint","United States Banknote Company","United States Banknote Company","International Banknote Company","International Banknote Company",1990,"N/A","N/A",NA,NA,NA,"Acquisition",NA,NA,NA,NA,NA,"United%20States%20Banknote%20Company","International%20Banknote%20Company"
"292","DOJ",1989,"N/A","N/A","N/A",NA,NA,"Abandoned/Restructured Before Complaint","TBG","TBG","Chase Brass & Copper","Chase Brass & Copper",1989,"N/A","N/A",NA,NA,NA,"Acquisition",NA,NA,NA,NA,NA,"TBG","Chase%20Brass%20%20Copper"
"293","DOJ",1989,"N/A","N/A","N/A",NA,NA,"Abandoned/Restructured Before Complaint","BOC Group","BOC Group","UGI Corporation","AmeriGas",1989,"N/A","N/A",NA,NA,NA,"Acquisition",NA,NA,NA,NA,NA,"BOC%20Group","UGI%20Corporation"
"294","DOJ",1988,"N/A","N/A","N/A",NA,NA,"Abandoned Before Complaint","General Instrument Corporation","General Instrument Corporation","Autotote","Autotote",1988,"N/A","N/A",NA,NA,NA,"Acquisition",NA,NA,NA,NA,NA,"General%20Instrument%20Corporation","Autotote"
"295","DOJ",1988,"N/A","N/A","N/A",NA,NA,"Abandoned Before Complaint","BTU Engineering","BTU Engineering","Thermco Systems","Thermco Systems",1988,"N/A","N/A",NA,NA,NA,"Acquisition",NA,NA,NA,NA,NA,"BTU%20Engineering","Thermco%20Systems"
"296","DOJ",1988,"N/A","N/A","N/A",NA,NA,"Abandoned Before Complaint","J. Heinz Company","J. Heinz Company","Bumble Bee Seafoods","Bumble Bee Seafoods",1988,"N/A","N/A",NA,NA,NA,"Acquisition",NA,NA,NA,NA,NA,"J%20Heinz%20Company","Bumble%20Bee%20Seafoods"
"297","DOJ",1985,"N/A","N/A","N/A",NA,NA,"Abandoned/Restructured Before Complaint","Dunlop Olympic Limited","Dunlop Olympic Limited","Youngs Drug Products Corporation","Youngs Drug Products Corporation",1985,"N/A","N/A",NA,NA,NA,"Acquisition","Acquisition of the condom business of Youngs Drug",NA,NA,NA,NA,"Dunlop%20Olympic%20Limited","Youngs%20Drug%20Products%20Corporation"
"298","DOJ",1984,"N/A","N/A","N/A",NA,NA,"Abandoned/Restructured Before Complaint","Pacific Telecom","Pacific Telecom","Glacier State Telephone Company;Juneau and Douglas Telephone Company","Glacier State Telephone Company;Juneau and Douglas Telephone Company",1984,"N/A","N/A",NA,NA,NA,"Acquisition",NA,NA,NA,NA,NA,"Pacific%20Telecom","Glacier%20State%20Telephone%20Company"
"299","DOJ",1983,"N/A","N/A","N/A",NA,NA,"Abandoned/Restructured Before Complaint","Mission Industries","Mission Industries","Petrolane","Petrolane",1983,"N/A","N/A",NA,NA,NA,"Acquisition",NA,NA,NA,NA,NA,"Mission%20Industries","Petrolane"
"300","DOJ",1982,"N/A","N/A","N/A",NA,NA,"Abandoned/Restructured Before Complaint","Early California Industry","Early California Industry","Pacific International Rice Mills","Pacific International Rice Mills",1982,"N/A","N/A",NA,NA,NA,"Acquisition",NA,NA,NA,NA,NA,"Early%20California%20Industry","Pacific%20International%20Rice%20Mills"
"301","DOJ",1982,"N/A","N/A","N/A",NA,NA,"Abandoned/Restructured Before Complaint","National Medical Enterprises","National Medical Enterprises","National Health Enterprises","National Health Enterprises",1982,"N/A","N/A",NA,NA,NA,"Acquisition",NA,NA,NA,NA,NA,"National%20Medical%20Enterprises","National%20Health%20Enterprises"
"302","DOJ",1982,"N/A","N/A","N/A",NA,NA,"Abandoned/Restructured Before Complaint","Beverly Enterprises","Beverly Enterprises","Mediplex","Mediplex",1982,"N/A","N/A",NA,NA,NA,"Acquisition",NA,NA,NA,NA,NA,"Beverly%20Enterprises","Mediplex"
"303","DOJ",1982,"N/A","N/A","N/A",NA,NA,"Abandoned/Restructured Before Complaint","Anacomp","Anacomp","D.S.I.","D.S.I.",1982,"N/A","N/A",NA,NA,NA,"Acquisition",NA,NA,NA,NA,NA,"Anacomp","DSI"
"304","DOJ",1982,"N/A","N/A","N/A",NA,NA,"Abandoned Before Complaint","G. Heileman Brewing","G. Heileman Brewing","Jos. Schlitz Brewing Company","Jos. Schlitz Brewing Company",1982,"N/A","N/A",NA,NA,NA,"Acquisition",NA,NA,NA,NA,NA,"G%20Heileman%20Brewing","Jos%20Schlitz%20Brewing%20Company"
"305","DOJ",1981,"N/A","N/A","N/A",NA,NA,"Restructured Before Complaint","Nibco","Nibco","Celanese Corporation","Piping Systems Division",1981,"N/A","N/A",NA,NA,NA,"Acquisition",NA,NA,NA,NA,NA,"Nibco","Celanese%20Corporation"
